ap_mac,toilet,metro,arenda,riteil,service,club,med,vet,stomat
3420E31780D0,2,2,3,51,80,1,2,4,8
8CFE74212CD0,2,4,2,147,132,3,2,3,8
EC8CA20F1D00,1,2,1,38,43,1,2,3,7
EC8CA213C770,1,2,0,37,48,1,3,3,7
EC8CA2100810,3,0,2,94,35,5,1,1,10
0CF4D52BBB10,2,1,3,46,87,0,1,4,6
0CF4D52C5790,3,1,1,62,58,4,3,3,6
EC8CA215F8F0,2,1,3,39,47,1,2,3,7
EC8CA20F35C0,1,5,3,110,78,4,1,3,11
1CB9C429B930,1,6,1,97,52,2,2,2,5
3420E3178280,1,6,1,95,37,3,2,2,6
1CB9C426C0B0,0,2,1,204,120,7,3,3,8
3420E3175590,0,5,3,93,103,2,2,4,6
EC8CA2139920,1,5,2,69,29,4,1,3,11
EC8CA20E76B0,3,7,2,142,68,10,2,3,9
1CB9C4268800,2,3,2,107,66,2,2,3,8
1CB9C424AF60,4,16,1,149,34,6,2,3,12
441E981414E0,2,4,3,96,43,3,1,3,11
EC8CA22EA5B0,0,5,1,91,57,5,3,2,7
1CB9C429B7E0,1,3,2,115,102,4,2,3,9
EC8CA22EE760,2,3,3,48,80,3,1,1,5
0CF4D52C37D0,1,4,3,92,82,2,1,4,8
184B0D1FB1B0,0,1,3,37,50,5,1,4,9
1CB9C4301E60,1,2,1,38,44,1,2,3,7
0CF4D52C5710,2,3,3,61,69,1,2,3,6
0CF4D52BD410,1,3,1,114,64,6,3,3,7
EC8CA20EFCA0,0,3,2,111,86,7,2,3,8
0CF4D52B9370,2,3,3,80,78,2,2,3,6
0CF4D52C4DE0,2,2,2,38,41,0,1,3,8
0CF4D52D5750,1,6,0,94,37,3,2,3,7
1CB9C429AC20,1,1,1,103,64,4,3,3,6
EC8CA22EBB90,1,1,1,41,44,1,2,3,8
1CB9C426BC50,2,3,2,92,66,2,2,3,8
3420E3179130,1,4,4,81,80,3,1,4,9
0CF4D52C58B0,2,7,3,74,74,6,1,1,10
1CB9C426E340,2,3,2,140,122,4,2,3,8
3420E3178A20,1,5,3,93,86,3,1,4,9
0CF4D52C57B0,3,3,3,61,72,1,2,3,6
1CB9C424E190,2,4,2,103,72,11,2,3,9
1CB9C4250E10,0,2,3,103,90,4,1,3,9
8CFE742160E0,2,0,3,43,35,4,1,2,8
EC8CA20FFCC0,1,1,2,78,36,1,2,0,5
EC8CA2131BF0,1,2,2,78,52,5,2,3,8
EC8CA22EE7A0,1,6,1,130,67,1,3,0,6
EC8CA22EB2B0,1,3,3,73,77,1,1,4,6
0CF4D52C3890,0,2,1,79,45,5,2,3,7
0CF4D52BB840,1,1,0,49,65,1,3,3,7
EC8CA215F6F0,1,2,0,51,29,2,2,3,7
0CF4D52BD000,2,6,3,109,81,5,1,2,11
1CB9C429D740,4,3,2,112,64,2,2,3,8
EC8CA215E970,0,2,1,88,55,6,2,3,8
0CF4D52D1C20,0,2,4,55,102,1,1,5,5
EC8CA22EAB50,1,2,0,58,22,2,2,2,7
EC8CA22EA5A0,1,3,2,126,106,6,2,3,8
0CF4D52BDB40,1,3,2,111,43,1,2,0,5
1CB9C426C660,2,5,2,123,119,4,2,3,8
1CB9C429B6D0,0,4,1,88,61,5,3,2,7
EC8CA20F3FA0,2,6,3,113,71,4,1,2,11
3087D92648F0,2,1,2,41,34,1,1,3,8
0CF4D52BC730,4,15,2,118,21,6,2,3,11
EC8CA213A4D0,1,1,1,104,64,4,3,3,7
0CF4D52C3070,2,6,2,107,95,3,2,3,8
1CB9C429ADB0,0,2,3,105,92,4,1,4,9
1CB9C4309410,2,7,3,77,78,7,2,1,11
3420E3178470,3,3,3,46,86,3,1,1,5
3420E3179380,0,3,1,32,22,3,1,0,6
EC8CA20D21A0,2,9,1,186,100,7,2,3,12
1CB9C426BC60,1,14,2,149,81,8,2,3,9
0CF4D52B94B0,1,2,1,37,32,1,2,3,8
0CF4D52BC1A0,1,2,1,121,73,7,3,3,7
0CF4D52D2E30,0,4,1,163,83,8,2,3,9
3087D91F8530,3,5,2,129,72,5,2,2,11
EC8CA20F0A40,0,2,3,8,4,2,1,2,8
1CB9C429B800,0,4,1,132,82,8,2,3,8
0CF4D52B8EE0,0,2,1,153,94,7,3,3,6
EC8CA215F900,1,3,3,73,77,1,1,4,6
EC8CA22EE780,2,1,3,50,78,1,2,4,8
1CB9C426EEF0,1,2,1,98,61,4,2,3,7
EC8CA22EFD80,1,3,2,36,45,5,2,3,12
0CF4D52D3D60,0,6,2,56,91,1,1,0,6
EC8CA20F0560,2,9,1,186,100,7,2,3,12
F03E90192D90,2,3,2,143,131,3,1,3,8
0CF4D52BBFD0,0,4,1,142,73,8,2,3,9
EC8CA22EE0D0,0,3,1,178,101,8,2,3,8
1CB9C43017C0,1,1,1,41,44,1,2,3,8
1CB9C4309150,2,6,3,111,89,4,1,4,11
EC8CA2138DC0,1,0,2,35,39,0,1,4,5
EC8CA2139180,1,3,1,206,111,8,2,3,9
EC8CA22EB280,3,3,3,51,82,3,1,1,6
0CF4D52BCC20,3,2,2,28,28,1,1,3,7
3087D91F1950,0,3,2,63,65,8,1,0,5
3087D923E0A0,1,1,2,34,61,0,1,4,5
EC8CA2101280,0,2,1,188,119,7,3,3,7
EC58EA1341F0,0,2,3,56,113,0,1,4,5
1CB9C426A790,0,3,2,117,104,3,1,3,8
EC8CA213BC30,1,0,2,19,45,1,2,3,7
EC8CA215F050,0,3,1,124,102,8,2,3,9
1CB9C426A360,2,5,2,120,110,4,2,3,8
EC8CA2100890,1,2,1,212,110,8,2,3,8
3087D923DF90,1,1,3,30,58,0,1,4,5
441E98145CC0,1,0,3,43,39,6,1,2,9
EC8CA20E6A20,1,3,2,42,38,2,2,0,5
0CF4D52C5800,0,2,1,79,45,5,2,3,7
1CB9C429B000,1,7,3,72,67,5,1,2,12
3420E3178E20,1,3,1,145,88,7,3,2,7
EC8CA22EB360,1,6,1,114,58,2,2,0,5
EC8CA21018B0,1,7,2,113,80,9,2,4,9
EC8CA213AF20,4,9,2,107,21,7,2,3,9
1CB9C426D460,2,2,2,33,37,1,1,3,8
F03E9018FCC0,1,6,1,130,53,1,2,0,5
0CF4D52C4D80,0,2,4,55,102,1,1,5,5
1CB9C424B3D0,1,4,3,142,128,3,1,3,8
EC8CA20F0210,0,3,1,180,106,8,2,3,9
0CF4D52BCB50,0,5,1,141,67,7,2,3,9
1CB9C42507C0,0,3,2,131,118,3,1,3,8
0CF4D52BB690,1,3,2,63,27,5,1,3,10
0CF4D52D2B70,1,12,3,86,90,7,1,1,11
EC8CA212FF20,2,2,1,87,60,6,3,3,5
1CB9C4301680,0,3,2,59,58,2,1,0,3
3087D91F7A00,2,0,2,42,40,0,1,4,7
EC8CA20F1620,3,3,3,62,67,1,2,3,8
EC8CA21007D0,3,10,3,120,92,5,2,2,11
EC8CA2138D10,1,0,2,35,39,0,1,4,5
EC8CA213AA50,5,15,2,151,56,10,2,3,9
F03E90190250,1,4,1,197,95,8,2,3,10
0CF4D52BBC50,1,2,0,49,24,2,2,3,7
0CF4D52C3960,2,6,2,107,95,3,2,3,8
1CB9C429DD20,2,3,2,90,70,2,2,3,6
EC8CA22EB300,1,1,2,30,57,0,1,4,5
1CB9C426E9A0,3,12,2,139,37,7,2,3,11
EC8CA212E0E0,3,4,2,132,71,5,2,2,11
1CB9C426D350,2,13,2,132,79,9,2,4,9
3087D923D710,1,7,3,79,91,5,1,2,11
1CB9C4269650,3,4,2,102,58,3,2,3,8
EC8CA20F37F0,2,2,2,70,44,3,2,3,8
EC8CA2139650,1,5,2,69,29,4,1,3,11
0CF4D52D2B80,1,1,2,32,82,0,1,4,5
1CB9C424E0D0,4,16,1,149,34,6,2,3,12
184B0D1FAB20,0,1,3,69,119,1,1,4,6
0CF4D52C5730,3,3,3,61,72,1,2,3,6
EC8CA20FFFA0,2,7,3,74,76,6,2,1,11
EC8CA215EE70,1,2,2,73,38,1,2,0,5
EC8CA2160500,2,5,2,93,94,3,2,3,8
EC8CA22D6970,3,3,3,51,82,3,1,1,6
EC8CA22EA930,1,1,2,35,58,0,1,4,5
0CF4D52B9320,2,3,2,147,134,3,1,3,8
EC8CA20FFCB0,2,7,3,74,76,6,2,1,11
184B0D1FA910,0,2,1,98,61,5,2,3,7
EC8CA2131AA0,3,3,3,52,90,3,1,1,5
0CF4D52BB140,1,4,4,103,80,2,1,4,9
0CF4D52BD430,2,7,3,80,74,6,1,1,11
EC8CA212E050,2,3,3,51,63,4,1,2,6
0CF4D52BB780,5,3,2,91,54,8,2,3,9
1CB9C426E430,0,2,3,80,71,3,1,4,9
441E98142CC0,0,7,3,66,65,6,1,1,10
1CB9C424B050,1,3,2,122,96,6,2,3,9
0CF4D52BCA30,2,10,3,94,89,6,1,1,11
60D02C236F60,1,6,1,88,67,6,3,2,7
EC8CA2100700,3,19,2,151,56,10,2,4,9
EC8CA215EA40,2,6,2,105,59,6,1,2,11
0CF4D52BBD90,1,4,2,100,88,4,1,4,9
1CB9C429B510,2,4,3,95,87,2,2,3,7
0CF4D52C5540,2,3,2,147,134,3,1,3,8
1CB9C429AB70,3,1,1,62,58,4,3,3,6
EC8CA212EFE0,0,4,2,106,62,3,2,2,11
3420E31784F0,3,25,2,164,57,10,2,3,9
EC8CA20FFF70,1,6,1,129,59,1,2,0,5
EC8CA212E0D0,0,4,2,106,62,3,2,2,11
EC8CA22EFCE0,1,3,2,36,45,5,2,3,12
0CF4D52B92E0,1,6,1,128,64,1,2,0,6
0CF4D52BB470,2,1,3,50,78,1,2,4,8
0CF4D52C4DC0,2,1,1,53,55,2,3,3,6
0CF4D52C5500,1,7,3,72,67,5,1,2,12
1CB9C42696C0,0,3,1,95,68,6,2,3,9
1CB9C426E140,1,7,2,113,85,7,1,4,9
EC8CA22EB3A0,1,1,2,30,57,0,1,4,5
EC8CA22EF770,2,3,3,48,80,3,1,1,5
1CB9C424B490,3,10,2,110,39,3,2,3,11
EC8CA2101380,4,1,2,94,38,5,1,1,10
1CB9C429DE90,1,2,1,212,110,8,2,3,8
3420E3178E00,0,0,4,22,32,3,1,4,6
EC8CA20D1620,1,1,0,34,9,2,2,2,7
EC8CA20E6A10,2,2,1,81,67,6,3,3,6
1CB9C426B090,2,6,2,123,119,4,2,3,8
0CF4D52BB220,4,13,2,124,27,7,2,3,11
0CF4D52D2FB0,3,2,2,93,52,4,2,3,9
EC8CA21016F0,0,2,1,188,119,7,3,3,7
EC8CA22EC1D0,1,2,2,122,52,1,2,0,5
1CB9C429BDE0,1,2,0,43,18,1,2,2,7
3087D91F83D0,1,3,3,87,98,2,2,3,6
EC8CA2100770,0,2,1,204,118,8,2,3,8
1CB9C429B040,1,1,2,34,72,0,1,4,5
1CB9C429D8A0,5,16,2,166,31,9,2,3,10
EC8CA20F3BE0,3,4,2,121,78,2,2,3,8
1CB9C426A7A0,2,7,2,149,141,4,2,3,9
1CB9C424B1D0,1,2,2,110,87,7,2,3,8
1CB9C429AD60,2,6,3,108,77,4,1,2,11
EC8CA212DD30,0,3,3,81,103,1,1,4,5
EC8CA2139CA0,2,13,2,159,81,8,2,3,9
EC8CA22E88A0,0,2,1,162,95,7,3,3,7
F03E90192B40,0,2,3,96,90,4,1,3,9
1CB9C424BAD0,3,6,2,111,94,3,2,3,8
EC58EA199C20,1,1,3,25,52,0,1,4,5
EC8CA2139130,0,4,1,135,84,8,3,3,7
0CF4D52D09C0,2,6,3,112,79,5,1,2,11
1CB9C426E520,0,2,3,80,71,3,1,4,9
0CF4D52B8EA0,1,2,0,49,67,1,3,3,7
1CB9C429DDB0,2,1,3,54,67,1,2,4,7
1CB9C43094B0,5,17,2,164,31,9,2,3,10
EC8CA213A260,1,2,0,39,51,1,3,3,7
EC8CA212EFC0,0,0,3,45,56,6,1,4,9
EC8CA2131B60,2,2,3,51,63,4,1,2,6
EC8CA20F4600,3,6,2,123,71,11,2,3,9
EC8CA213BC10,3,10,3,120,92,5,2,2,11
184B0D1FA8C0,0,0,3,28,62,0,1,5,5
1CB9C43096A0,2,6,1,77,46,5,3,3,5
EC8CA21013C0,2,6,0,59,36,2,2,3,7
EC8CA2160640,2,3,2,107,66,2,2,3,8
0CF4D52BD250,1,3,3,73,77,1,1,4,6
1CB9C429D090,0,2,3,92,83,4,1,3,9
1CB9C426C670,2,15,2,148,74,10,2,4,10
1CB9C4308E30,2,3,2,137,113,4,2,3,9
1CB9C426F180,3,9,3,93,89,4,1,2,11
0CF4D52BB020,2,7,3,82,79,6,2,1,10
3087D91F81C0,2,0,2,42,40,0,1,3,7
1CB9C4308FA0,0,2,3,96,76,4,1,4,9
3087D91F8350,0,6,1,105,63,4,2,2,7
EC8CA2100D10,0,3,2,73,73,3,2,0,6
EC8CA22EFEF0,2,5,3,112,59,4,1,3,11
0CF4D52B93B0,3,1,1,77,53,4,3,3,7
3420E3179200,1,6,1,95,37,3,2,2,6
8CFE74212B70,2,3,3,62,76,2,2,3,6
EC8CA20F3BF0,1,1,1,31,24,3,2,0,6
1CB9C429B4B0,1,2,2,74,51,5,2,3,8
0CF4D52BD5E0,2,10,3,98,93,6,1,2,11
1CB9C424F1A0,0,2,3,88,82,4,1,3,9
EC8CA20F3D30,1,3,1,199,103,8,4,2,6
3087D923DBF0,0,0,3,48,59,6,1,3,9
1CB9C429BF90,0,2,3,95,77,4,1,4,9
EC8CA20FDF80,2,14,2,141,55,8,2,3,11
F03E90192C20,1,2,2,110,95,6,2,3,9
EC8CA20E6700,1,5,2,69,29,4,1,3,11
1CB9C429DDD0,1,2,0,54,38,2,2,3,7
F03E90192FB0,1,2,0,53,24,2,2,3,7
0CF4D52BAE60,0,1,3,36,107,0,1,4,5
EC8CA20D1FA0,2,3,3,60,65,1,2,3,8
0CF4D52C5930,1,2,0,58,31,2,2,3,7
EC8CA20D2220,0,2,3,94,80,4,1,4,9
1CB9C426C080,2,3,2,129,106,4,2,3,8
EC8CA20D2830,1,7,2,111,79,9,2,4,9
0CF4D52BDA80,2,3,3,42,76,3,1,1,5
EC8CA213B340,0,4,3,131,116,3,1,3,8
EC8CA21600E0,3,2,2,93,52,4,2,3,9
1CB9C426AA40,0,3,1,212,119,9,4,2,6
3087D91F6910,1,2,1,115,71,6,3,3,7
3420E31784C0,0,2,3,72,64,4,1,4,9
EC8CA22F02F0,2,6,3,110,77,4,1,2,11
0CF4D52D12E0,1,6,1,102,46,1,2,2,5
EC8CA20D1940,2,3,3,60,66,1,2,3,8
EC8CA22EE050,3,5,2,139,44,9,1,3,10
1CB9C426B0A0,3,12,2,123,70,11,2,4,10
1CB9C429AA30,0,3,2,111,86,7,2,3,8
EC8CA2160150,0,6,1,111,58,2,2,0,6
EC8CA22EB290,0,4,2,66,80,1,1,4,6
1CB9C4308FF0,1,3,2,37,49,4,2,3,11
8CFE74216190,1,1,1,29,5,2,2,0,7
EC8CA212EEE0,1,6,3,121,56,0,2,0,5
EC8CA20D1AC0,2,1,3,52,73,0,2,4,7
EC8CA20FFE30,1,2,1,35,36,1,1,3,8
EC8CA213C540,1,1,1,50,60,1,3,3,6
3420E31783E0,1,3,1,92,46,1,2,0,6
EC8CA20F06A0,1,1,2,35,57,0,1,4,5
0CF4D52BCB70,0,2,1,124,71,9,2,3,8
1CB9C426A970,2,5,2,104,104,3,2,3,8
3420E3174920,1,1,3,47,42,4,1,1,12
EC8CA22EE130,3,25,2,180,72,9,2,3,10
0CF4D52BBB90,0,2,1,173,100,7,3,3,7
1CB9C429D8F0,3,5,2,115,76,3,2,3,8
0CF4D52B9290,2,8,1,177,89,8,2,3,11
0CF4D52D0980,2,2,2,52,38,2,2,3,8
1CB9C424BDA0,0,3,1,95,68,6,2,3,9
1CB9C426D6E0,0,3,1,209,119,9,3,2,6
EC58EA1961E0,0,0,3,23,66,0,1,5,5
EC8CA22F0300,1,6,1,115,68,4,2,2,6
F03E90191260,1,2,2,117,86,7,2,3,9
8CFE742129D0,1,5,3,96,87,4,1,4,9
EC8CA22F0690,1,2,0,34,21,2,2,3,7
F03E90192CE0,1,2,1,80,47,5,2,3,8
0CF4D52C3970,2,6,3,110,78,4,1,3,11
EC8CA20F0D00,2,6,2,110,83,4,1,2,11
441E98142CA0,3,7,3,75,70,4,1,1,11
8CFE74212780,3,0,3,42,38,5,1,2,9
1CB9C4269770,2,3,2,68,43,3,2,3,8
EC8CA22EB3D0,0,6,1,111,58,2,3,0,7
1CB9C43095F0,2,7,3,77,75,7,1,1,11
EC8CA20F02C0,2,3,2,126,113,4,2,3,9
EC8CA20F0A60,0,2,3,89,85,4,1,3,9
1CB9C4269210,3,10,2,145,44,7,2,3,11
1CB9C426D930,3,9,2,91,24,6,2,3,11
EC8CA20F0670,0,5,1,125,80,8,2,3,9
0CF4D52BBC00,0,0,2,36,46,1,2,3,7
EC8CA213A460,1,5,1,130,58,5,2,3,10
1CB9C4267910,3,9,3,93,89,4,1,2,11
3087D9264640,1,0,3,23,36,0,1,4,5
EC8CA2139D50,2,7,2,108,82,4,2,2,11
EC8CA213BC50,2,0,2,30,22,1,2,3,8
F03E90193AE0,1,3,2,42,38,2,2,0,5
1CB9C42690F0,1,2,2,111,84,7,2,3,9
1CB9C4309560,1,5,2,103,68,5,1,3,10
8CFE742160D0,3,0,3,42,36,4,1,2,8
8CFE7421D820,1,5,3,92,104,2,2,4,6
EC8CA22F0350,2,2,1,91,45,4,2,3,8
F03E90190100,2,2,2,33,39,1,1,3,8
0CF4D52BB0A0,3,1,2,28,28,1,1,3,7
1CB9C424B110,0,3,1,95,68,6,2,3,9
1CB9C426BA50,2,6,3,111,88,4,1,4,11
1CB9C426A810,2,3,2,132,124,4,2,3,9
1CB9C429B560,1,2,0,50,20,2,2,2,7
3420E3178540,1,3,1,145,88,7,3,2,7
1CB9C4250CD0,2,3,2,138,100,4,2,3,8
1CB9C426A840,2,2,2,33,39,1,1,3,8
3420E31747F0,2,2,3,66,56,2,2,3,9
3087D91F83C0,2,0,2,39,46,0,1,4,7
3420E31786B0,2,3,3,44,70,3,1,2,5
EC8CA22EA820,2,2,1,74,64,6,3,3,5
1CB9C429DEA0,0,2,1,82,51,5,2,3,7
0CF4D52BD500,2,6,3,109,81,5,1,2,11
1CB9C429C630,0,6,2,75,71,4,1,0,6
8CFE74216170,3,0,3,40,36,4,1,2,8
EC8CA20D9010,2,0,2,30,22,1,2,3,8
EC8CA212F420,2,2,1,116,73,7,3,3,7
0CF4D52C5670,2,3,3,49,53,5,2,3,11
EC8CA20D9950,3,3,3,61,56,5,2,3,12
0CF4D52BDB00,1,6,0,127,50,1,2,0,5
441E98142290,1,6,1,111,74,4,3,2,7
8CFE7421D870,1,1,1,29,5,2,2,0,7
0CF4D52BBAB0,0,2,1,179,105,7,3,2,7
3420E3178F30,2,2,3,48,72,3,1,2,5
EC8CA20F0720,1,1,1,31,25,3,2,0,6
EC8CA20FEEF0,2,13,2,159,81,8,2,3,9
0CF4D52BBF70,3,1,3,83,41,5,1,1,10
1CB9C426D0E0,0,2,1,214,121,7,2,3,8
EC8CA22F0320,2,1,2,47,61,0,2,4,7
0CF4D52BB560,2,6,3,110,75,4,1,2,11
184B0D1FB530,3,0,2,99,49,5,1,1,10
1CB9C429B580,2,1,1,60,50,3,2,3,8
EC8CA213C700,1,3,2,69,37,2,2,0,4
0CF4D52BD9A0,2,1,2,47,61,0,2,4,7
1CB9C424B8B0,1,2,2,111,87,7,2,3,8
EC8CA212EF10,2,2,1,94,64,6,3,3,5
8CFE74213C00,1,0,3,43,39,6,1,2,9
EC8CA20D8C50,1,2,0,47,29,2,2,3,7
EC8CA22EEA90,1,4,3,95,81,2,1,4,8
F03E90192F50,4,16,2,133,33,6,2,3,11
EC8CA215F120,4,1,2,94,38,5,1,1,10
1CB9C4301F40,3,1,3,75,38,5,1,1,10
3420E3175FE0,2,2,3,66,56,2,2,3,9
EC8CA20D16E0,1,6,1,183,88,8,2,3,11
3087D9264E20,0,0,3,24,63,0,1,4,5
EC8CA20F0C60,3,7,2,130,73,5,1,2,11
0CF4D52BB100,0,2,3,95,92,4,1,4,9
EC8CA20D1D40,1,2,2,70,34,2,2,0,5
1CB9C426A660,3,10,2,145,44,7,2,3,11
0CF4D52BDCA0,1,2,0,53,66,1,3,3,6
1CB9C4269F10,2,15,2,148,74,10,2,4,10
1CB9C4309480,2,1,3,47,85,0,2,4,6
0CF4D52B9530,1,6,0,127,50,1,2,0,5
1CB9C429B4C0,0,1,3,36,109,0,1,4,5
EC8CA2101440,1,4,2,103,84,7,2,4,9
EC8CA212D120,0,0,3,48,59,6,1,3,9
F03E90193FA0,1,2,2,69,36,2,2,0,5
3087D9237FD0,3,0,3,45,31,5,1,2,9
EC8CA20D16C0,1,2,0,43,18,1,2,2,7
EC8CA212DD20,2,3,3,45,74,3,1,1,5
0CF4D52BC150,0,2,0,49,59,1,3,3,7
0CF4D52BCF20,2,2,2,35,41,1,1,3,8
1CB9C429B520,0,2,1,168,101,6,3,3,7
EC58EA13FB50,0,2,1,98,61,5,2,3,7
1CB9C426E3C0,3,9,2,91,24,6,2,3,11
EC58EA196120,2,0,2,38,44,0,1,4,7
0CF4D52BB210,1,1,1,41,49,1,2,3,8
1CB9C424D7A0,2,8,1,164,80,8,2,3,10
1CB9C429B830,2,6,1,77,46,5,3,3,5
EC8CA2139D70,0,2,1,78,45,5,2,3,7
F03E9018FBB0,2,0,2,76,32,4,1,3,10
1CB9C424E530,5,17,2,165,28,8,2,3,10
EC8CA20F3700,1,0,2,19,42,1,2,3,7
EC8CA22EE8C0,2,2,2,67,39,3,2,3,8
EC8CA20F0070,1,5,3,90,84,2,2,4,8
3420E3178390,2,0,2,38,44,0,1,4,7
1CB9C426D440,2,6,2,122,117,4,1,3,9
1CB9C4301D20,2,6,2,110,83,4,1,2,11
1CB9C429BC40,3,4,2,121,78,2,2,3,8
1CB9C4251000,2,6,3,109,74,5,1,2,11
DCAEEB1DCF70,1,3,3,73,73,2,1,4,10
3087D91F1970,0,3,2,59,66,6,1,0,5
3087D91F72F0,2,6,3,108,76,4,1,2,11
8CFE74214370,2,3,3,62,77,2,2,3,6
F03E9018F800,2,4,2,101,30,7,1,3,10
1CB9C424D7C0,1,0,2,19,43,1,2,3,8
0CF4D52BBF50,1,3,1,114,64,6,3,3,7
EC8CA20F0840,4,3,3,62,67,1,2,3,8
1CB9C424B600,3,10,2,115,40,3,2,3,11
1CB9C429B550,3,4,3,70,66,5,1,2,12
3087D91F8450,1,3,3,87,98,2,2,3,6
EC8CA20D2150,4,12,2,124,20,6,2,3,11
0CF4D52D29E0,1,1,2,72,38,2,2,3,8
8CFE74216450,1,2,2,37,42,1,1,3,8
EC8CA2100110,0,3,1,125,89,8,2,3,9
184B0D1F9FC0,1,0,3,26,42,0,1,4,5
0CF4D52D0DC0,1,2,0,50,19,2,2,2,7
1CB9C429B920,0,3,2,134,112,3,1,3,8
EC8CA20D8B10,1,2,0,47,22,2,2,3,7
EC8CA21004C0,1,4,3,92,82,2,1,4,8
0CF4D52D2D90,2,8,3,103,89,5,1,2,11
0CF4D52BA120,2,7,3,74,71,5,1,1,10
3420E3178B70,0,3,3,62,74,1,1,4,8
EC8CA213B1A0,0,2,1,76,44,5,2,3,7
EC8CA22EE2B0,3,3,2,47,47,2,2,3,8
3087D923DFE0,2,2,3,55,90,1,2,4,6
1CB9C429DDC0,1,2,0,55,38,2,2,3,7
0CF4D52BD840,0,2,3,95,92,4,1,4,9
EC8CA22F0560,2,3,3,47,51,5,2,3,11
EC58EA13F690,4,5,3,100,49,6,1,1,11
EC8CA215E910,1,2,0,49,24,2,2,3,7
EC8CA22EFE80,0,6,1,109,71,4,2,2,7
1CB9C426A4C0,2,6,2,110,80,4,1,2,11
1CB9C429D8E0,2,2,2,113,70,10,2,3,9
EC8CA22EDFB0,0,2,1,128,87,9,2,3,8
0CF4D52D0DD0,1,3,3,82,84,1,1,4,8
1CB9C426D1E0,2,13,2,132,79,9,2,4,9
441E98145C90,1,2,2,37,42,1,1,3,8
EC8CA2100C30,2,5,2,125,115,3,2,3,8
EC8CA2100D70,1,6,1,183,87,8,2,3,11
EC8CA215F730,2,5,3,112,59,4,1,3,11
0CF4D52B8F00,1,1,2,72,37,2,2,3,8
1CB9C426D1D0,1,2,2,69,36,2,2,0,5
EC8CA20F2EF0,2,3,3,88,77,2,2,3,6
EC8CA215EA50,0,2,1,88,55,6,2,3,8
0CF4D52BB710,2,2,2,57,38,2,2,3,8
0CF4D52C3680,1,6,2,130,78,9,2,3,9
EC8CA20F0620,0,0,2,36,46,1,2,3,7
0CF4D52D2BF0,0,2,3,49,115,0,1,4,5
1CB9C426D7E0,0,5,1,141,82,8,2,3,9
F03E90192AF0,0,2,1,90,57,6,2,3,7
1CB9C424B300,2,7,2,129,78,5,2,2,11
EC8CA212E1F0,2,3,3,45,75,3,1,1,5
0CF4D52D0F90,2,1,1,63,50,3,2,3,8
1CB9C426D4B0,3,5,2,117,36,7,1,3,10
60D02C236AB0,2,3,3,38,71,3,1,1,5
EC8CA213BFB0,1,6,1,182,88,8,2,3,11
0CF4D52D05B0,2,2,2,54,38,2,2,3,8
EC8CA20D2760,2,4,3,95,87,2,2,3,7
EC8CA213BC70,4,9,2,107,21,7,2,3,9
3087D91F82D0,1,2,1,115,71,6,3,3,7
DCAEEB1DBD10,2,2,2,31,36,1,1,3,8
EC8CA20FFD50,2,6,3,107,75,5,1,2,11
EC8CA215EB00,3,19,2,151,56,10,2,4,9
EC8CA22EC5D0,2,6,1,93,51,4,3,3,5
1CB9C429D2A0,2,2,2,64,47,2,2,3,8
8CFE74212A30,0,2,3,55,65,1,1,4,8
1CB9C426D310,2,6,2,148,126,4,2,3,9
EC8CA215F060,1,6,0,59,25,2,2,3,6
0CF4D52BCBA0,0,5,1,142,67,7,2,3,9
1CB9C429DCE0,2,6,1,93,51,4,3,3,5
EC8CA22EFE10,1,3,2,112,98,5,2,3,9
EC8CA20FFDF0,3,4,2,100,50,3,2,3,10
60D02C216150,2,3,3,37,71,3,1,2,5
0CF4D52B8FE0,0,2,4,57,103,0,1,5,4
8CFE742096C0,0,2,3,52,88,0,1,5,4
EC8CA20D8B60,1,2,0,47,23,2,2,3,7
0CF4D52BD670,2,5,2,104,98,4,1,3,9
0CF4D52BD980,0,2,1,26,49,1,3,3,7
1CB9C4269060,4,8,2,100,41,3,2,3,11
3420E31794D0,2,4,2,102,65,2,2,3,8
EC8CA22EF140,1,2,1,91,62,4,2,3,7
0CF4D52C5390,3,3,3,59,66,1,2,3,8
EC8CA20FFD80,3,7,2,142,68,10,2,3,9
0CF4D52C5860,1,0,2,19,45,1,2,3,7
EC8CA20F30F0,2,3,3,46,45,4,2,3,11
EC8CA20FEF70,4,3,2,103,45,3,2,3,11
0CF4D52BB010,2,5,2,104,98,4,1,3,9
0CF4D52C56C0,3,10,1,169,70,8,2,3,13
1CB9C424D860,2,3,2,138,100,3,2,3,8
1CB9C429B610,0,2,1,82,51,5,2,3,7
1CB9C429CBC0,1,3,1,125,77,7,3,3,7
F03E9018FB60,1,3,2,131,110,4,2,3,8
EC8CA22EE720,3,7,2,128,68,11,2,3,9
0CF4D52D2CA0,2,6,3,112,75,5,1,4,11
0CF4D52C3690,1,2,0,36,29,2,2,3,7
0CF4D52C5480,0,2,3,72,113,1,1,4,5
3420E3178E50,2,3,3,45,86,3,1,1,5
EC8CA21012E0,2,1,3,52,73,0,2,4,7
3420E31772F0,0,7,3,66,65,6,1,1,10
EC8CA20F3C70,1,2,2,114,100,4,2,3,9
1CB9C424AF70,3,5,2,129,53,8,1,1,10
EC8CA20D1DC0,2,4,1,75,46,4,3,3,5
F03E90192D40,5,15,2,151,56,10,2,3,9
EC8CA20FFC20,2,6,3,108,75,4,1,2,11
1CB9C426EF10,1,4,2,107,87,7,2,3,8
184B0D1F9F30,1,0,2,92,63,0,3,2,4
1CB9C429A9F0,0,3,2,134,112,3,1,3,8
EC8CA20F09A0,0,2,3,85,82,4,1,3,9
EC8CA20F0CD0,0,2,3,95,94,4,1,3,9
EC8CA20FFBB0,0,6,2,69,73,5,1,0,6
EC8CA20D1B90,1,2,0,40,11,2,2,2,7
3420E31751B0,0,5,3,90,105,2,1,4,6
1CB9C426C120,1,14,2,149,81,8,2,3,9
EC8CA22EA780,1,4,3,111,73,4,1,3,11
EC8CA213A960,3,10,3,124,99,4,2,2,11
F03E90190310,3,5,2,117,36,7,1,3,10
0CF4D52D0D20,2,7,3,74,71,5,1,1,10
EC8CA20D1D90,3,2,2,93,52,4,2,3,9
EC8CA20FFC80,0,4,2,64,73,6,1,0,6
EC8CA2100D90,2,24,2,205,77,9,2,3,9
0CF4D52D0880,3,5,3,73,63,5,1,2,12
0CF4D52CFFC0,2,6,3,112,79,5,1,2,11
8CFE74212940,2,3,3,58,70,1,2,4,6
EC58EA131340,3,4,2,107,71,5,2,2,11
EC8CA20FFF40,2,4,3,79,84,2,2,3,6
EC8CA213B160,1,1,1,103,62,4,3,3,6
1CB9C426D2F0,1,3,1,120,78,6,3,3,6
EC8CA212D1F0,0,1,3,37,46,5,1,4,9
8CFE74213470,1,3,1,92,46,1,2,0,6
1CB9C426EDE0,2,1,3,52,73,0,2,4,7
EC8CA20D9C50,3,1,1,65,61,3,3,3,6
1CB9C429B400,0,2,1,82,51,5,2,3,7
1CB9C429D7B0,0,3,1,125,91,9,2,3,9
1CB9C424E500,2,3,2,51,44,2,2,3,8
EC8CA22F05A0,0,6,1,111,58,2,3,0,6
EC8CA215E950,0,2,1,92,52,6,2,3,7
EC8CA212DF00,3,3,3,52,90,3,1,1,5
3420E3178320,0,2,2,67,121,1,1,4,6
EC8CA20FFFC0,0,2,1,215,121,7,2,3,7
0CF4D52BB9C0,4,15,2,118,21,6,2,3,11
0CF4D52BDA60,2,6,3,113,82,4,1,3,11
0CF4D52C5890,2,1,1,64,50,4,3,3,8
1CB9C426D130,2,2,3,86,72,1,2,3,9
1CB9C426D110,3,3,2,98,63,3,2,3,8
EC58EA13F630,1,0,3,23,35,0,1,4,5
1CB9C426E0F0,2,7,2,129,77,5,2,2,11
0CF4D52C5830,2,1,1,64,50,4,3,3,8
1CB9C4301790,1,1,0,49,65,1,3,3,7
EC8CA213B710,0,2,1,67,38,4,2,3,7
EC8CA213C820,1,2,2,70,34,2,2,0,5
EC8CA22EA660,1,4,3,111,73,4,1,3,11
0CF4D52B93A0,0,2,1,70,40,5,2,3,7
EC8CA20F0710,0,1,1,32,27,3,2,0,6
EC8CA22EE180,2,6,2,103,65,6,1,2,11
1CB9C42694E0,2,6,3,107,79,5,1,2,11
EC8CA22F0470,0,2,3,56,54,3,1,4,9
1CB9C4268A40,0,2,1,208,115,8,2,3,8
1CB9C429DF30,3,2,3,63,54,4,2,2,12
EC8CA20F3720,1,1,1,44,29,1,2,3,8
0CF4D52B92B0,0,2,1,124,71,9,2,3,8
1CB9C424B3B0,1,4,3,142,128,3,1,3,8
1CB9C424D680,0,4,3,133,122,3,1,3,8
0CF4D52D38E0,2,8,3,76,83,6,1,1,11
1CB9C429B4D0,1,2,2,73,46,4,2,3,8
EC8CA22F0490,0,3,1,206,110,8,2,3,9
1CB9C426A910,2,6,2,145,130,4,2,3,9
EC8CA20E7AC0,2,3,3,68,80,2,2,3,7
0CF4D52BAAD0,0,2,3,95,92,4,1,4,9
1CB9C4251CA0,3,1,2,24,28,0,1,3,7
EC8CA2160680,0,6,1,109,59,3,3,2,7
1CB9C429A7A0,1,2,0,57,26,2,2,3,7
3420E3178C10,2,2,3,45,71,4,1,2,5
EC8CA213B8A0,3,24,2,171,68,9,2,3,10
0CF4D52BC250,1,3,2,63,27,5,1,3,10
0CF4D52BD200,1,2,0,49,23,2,2,3,7
3420E31756C0,2,2,3,57,75,1,2,4,6
EC8CA2139EC0,0,6,1,98,46,2,2,2,5
EC8CA22EBAC0,1,2,1,135,80,7,3,3,7
EC8CA21601F0,1,3,1,203,113,8,2,3,9
3420E3178520,1,2,4,28,60,3,1,4,5
1CB9C424C8F0,2,3,2,51,44,2,2,3,8
1CB9C429C7C0,0,3,1,127,92,9,2,3,9
1CB9C426DDE0,1,4,1,199,102,9,4,2,6
1CB9C429B9C0,2,6,2,128,74,5,2,2,11
EC8CA20FFD10,2,13,2,159,81,8,2,3,9
1CB9C426E870,3,2,2,102,35,6,1,1,10
0CF4D52BB420,1,3,1,114,64,6,3,3,7
EC8CA213BCB0,0,2,1,77,43,5,2,3,7
1CB9C4301D30,1,3,1,199,103,8,4,2,6
3087D91F6240,2,2,1,87,74,6,3,3,6
EC8CA20FF840,0,3,1,122,102,8,2,3,9
EC8CA21005D0,1,2,0,48,23,2,2,3,7
0CF4D52C3750,2,6,3,98,90,2,2,3,8
8CFE74215F80,0,2,3,52,88,0,1,5,4
0CF4D52D34F0,1,1,3,18,37,4,0,1,6
3087D923D340,3,0,3,45,32,5,1,2,9
F03E90192B70,1,3,2,131,110,4,2,3,8
0CF4D52BD8A0,4,4,2,93,44,3,2,3,11
3420E3178BA0,1,2,4,28,60,3,1,4,5
EC8CA20F37B0,1,2,1,91,62,4,2,3,7
1CB9C4309570,3,16,1,165,42,7,2,3,12
3087D91F1A50,2,3,1,97,53,4,2,3,7
3420E3175600,0,5,3,93,103,2,2,4,6
1CB9C4251C90,2,6,3,108,77,4,1,2,11
EC8CA2100CE0,1,2,1,129,79,7,3,3,7
0CF4D52C3660,1,4,2,107,59,4,2,2,11
2CC5D31160E0,3,2,2,102,35,6,1,1,10
3420E3178A40,0,2,2,65,121,1,1,4,6
EC8CA20FFDB0,1,2,0,50,24,2,2,3,7
EC8CA22F0930,1,4,3,95,81,2,1,4,8
1CB9C426E1D0,0,5,1,141,83,8,2,3,9
3087D9262F30,0,0,3,46,57,6,1,4,9
EC8CA20D9C20,1,7,2,128,78,9,2,4,9
EC8CA213BF90,1,5,3,112,103,4,1,4,8
F03E9018FCD0,1,2,2,117,86,7,2,3,9
F03E90193BB0,3,10,1,154,64,7,2,3,11
EC8CA20F02A0,2,6,2,129,75,5,2,2,11
F03E90192F00,3,4,2,106,51,3,2,3,11
1CB9C4308E20,3,16,1,164,42,7,2,3,12
0CF4D52C3790,1,2,0,34,21,2,2,3,7
1CB9C42696E0,2,3,2,73,42,3,2,3,8
EC8CA22EB260,2,2,1,107,77,7,3,3,6
1CB9C4250FE0,0,2,3,88,82,4,1,3,9
EC8CA20D1DE0,2,0,2,33,20,1,2,3,7
EC8CA2139600,0,1,3,73,67,4,1,4,11
EC8CA20D21F0,2,0,1,79,44,4,3,3,5
1CB9C424BA90,3,6,2,111,94,3,2,3,8
8CFE74209720,3,1,1,77,51,4,3,3,5
0CF4D52C5680,2,1,1,53,55,2,3,3,6
EC8CA20D1E80,2,1,2,43,85,0,1,4,5
0CF4D52D0B90,2,3,3,43,75,3,1,1,5
EC8CA22ED2A0,0,6,1,114,56,2,2,0,6
0CF4D52BDCD0,2,1,1,78,44,4,2,3,8
F03E90192B30,1,3,2,117,89,7,2,3,8
1CB9C429AF60,3,0,2,107,42,6,1,1,10
0CF4D52BD9F0,2,6,3,109,81,5,1,2,11
3087D92638B0,2,3,3,41,82,3,1,1,5
EC8CA20D9000,3,1,1,65,61,3,3,3,6
EC8CA20F3060,1,6,0,94,37,3,2,3,7
0CF4D52D4060,0,2,1,60,36,4,2,3,7
EC8CA22EE5A0,1,2,0,48,21,2,2,3,7
F03E901EE660,1,2,1,139,81,7,3,3,7
EC8CA213B380,0,6,1,109,71,4,2,2,7
1CB9C426D840,3,9,3,93,89,4,1,2,11
3087D91F60A0,1,5,3,111,96,4,1,4,8
EC8CA22EFF80,2,7,2,105,82,5,1,2,11
EC8CA20FEEA0,1,2,0,53,24,2,2,3,7
1CB9C424D720,0,2,1,169,97,8,3,3,7
1CB9C426B020,3,9,3,93,89,4,1,2,11
F03E901914F0,1,2,2,40,36,0,1,4,8
1CB9C4301850,1,2,2,37,42,0,1,3,8
0CF4D52BBF20,1,4,2,100,88,4,1,4,9
0CF4D52D2F40,1,3,2,111,44,1,2,0,5
1CB9C426EB10,1,2,1,148,90,7,3,3,7
3420E3177350,1,3,3,73,73,2,1,4,10
EC8CA2131EC0,2,3,3,41,82,3,1,1,5
3420E31786C0,2,3,3,45,71,4,1,2,6
0CF4D52C5770,1,2,1,121,73,7,3,3,7
EC8CA20F0270,0,2,3,96,90,4,1,3,9
EC8CA21393E0,0,2,3,92,81,4,1,3,9
EC8CA2160620,2,6,3,98,90,2,2,3,8
0CF4D52D2A50,2,2,2,64,47,2,2,3,8
184B0D1FA270,0,3,2,54,126,0,1,4,5
184B0D1FA550,0,2,4,39,60,0,1,5,6
1CB9C426DD90,1,2,1,98,61,4,2,3,7
184B0D1F9EB0,3,0,2,99,49,5,1,1,10
1CB9C429AB80,1,3,2,114,82,9,2,3,9
1CB9C4301E80,2,3,3,47,51,5,2,3,11
0CF4D52B8F70,0,2,0,49,59,1,3,3,7
0CF4D52BDA00,2,6,3,113,82,4,1,3,11
3087D91F1910,2,6,3,108,76,4,1,2,11
EC8CA21008F0,0,2,1,127,92,9,2,3,8
EC8CA213C6F0,1,2,0,61,29,2,2,3,7
EC8CA22F0D20,1,3,3,100,80,2,1,4,9
441E98142680,3,1,1,66,42,3,3,3,6
EC8CA20D8360,1,3,3,46,49,4,2,3,11
EC8CA22EA480,0,3,3,114,95,4,1,3,9
1CB9C426BEA0,4,4,2,112,69,2,2,3,8
3420E3179210,0,2,2,66,122,1,1,4,6
EC58EA195C10,0,2,4,39,60,0,1,5,6
EC8CA20F1CE0,4,3,2,93,59,2,2,3,8
EC8CA213C950,3,3,3,66,64,5,1,2,12
EC8CA215E840,0,2,1,128,87,9,2,3,8
EC8CA215E960,0,2,1,191,113,8,3,3,7
EC8CA22E9A30,2,4,2,83,39,3,2,3,9
1CB9C426E8C0,0,2,1,90,55,6,2,3,8
EC8CA20FF800,4,3,2,102,61,2,2,3,8
3420E31781D0,0,2,2,55,127,0,1,4,5
F03E90190390,0,2,3,115,95,4,1,3,9
EC8CA20D9050,1,2,1,37,32,1,2,3,8
EC8CA20E7AE0,2,7,2,108,82,4,2,2,11
0CF4D52BB4E0,1,6,1,122,48,1,2,0,5
1CB9C42682E0,2,6,3,107,74,4,1,2,11
1CB9C424BF90,1,2,2,117,101,3,2,3,8
0CF4D52BBE10,1,6,3,100,91,2,2,4,8
1CB9C426E9F0,1,2,1,148,90,7,3,3,7
0CF4D52BB370,2,3,3,50,47,4,2,3,11
EC8CA22EA8E0,3,1,3,56,60,5,2,2,11
3087D926DBB0,3,3,3,50,93,3,1,2,5
EC8CA20D14E0,1,5,3,105,101,3,1,4,9
EC8CA215F3F0,0,2,3,92,81,4,1,3,9
1CB9C429C040,1,1,1,78,40,3,2,3,8
0CF4D52BB680,1,2,0,48,23,2,2,3,7
0CF4D52C5700,2,3,3,52,50,4,2,3,12
8CFE74212980,1,0,3,73,65,4,1,3,10
EC8CA213A2F0,2,3,3,68,80,2,2,3,7
1CB9C426CC20,4,3,2,92,41,5,2,3,9
EC8CA21017A0,0,4,1,163,83,8,2,3,9
3420E3178D60,0,6,2,69,73,5,1,0,6
EC58EA131690,0,2,3,57,104,0,1,5,5
EC8CA22EB2D0,2,3,2,107,65,2,2,3,8
0CF4D52D49A0,1,2,0,55,36,2,2,3,7
8CFE74212950,3,1,1,77,51,4,3,3,5
F03E9018FCF0,0,2,1,187,121,7,3,3,8
EC8CA213B370,0,2,2,121,109,3,1,3,8
0CF4D52BC060,3,2,0,70,58,2,3,3,6
EC8CA20F3620,2,3,3,50,51,4,2,3,11
F03E9018FAE0,1,2,2,110,95,6,2,3,9
1CB9C429BC30,4,5,2,127,79,3,2,3,8
EC58EA131280,1,3,3,73,73,2,1,4,10
EC8CA21017D0,0,5,2,72,70,3,2,0,6
1CB9C4309600,2,6,3,113,71,4,1,2,11
0CF4D52BBD80,5,3,2,91,54,8,2,3,9
0CF4D52D3270,1,2,0,50,24,2,2,3,7
3087D91F62E0,3,4,2,113,75,2,2,3,8
3420E3178250,0,1,3,69,108,1,1,4,6
EC8CA22EF780,0,5,1,116,74,7,2,3,9
1CB9C426D280,4,1,2,91,46,4,2,3,9
EC8CA213BD80,0,4,1,135,84,8,3,3,7
1CB9C4269BC0,1,3,1,189,101,8,2,3,10
EC8CA20D2050,2,3,2,133,100,4,2,3,8
1CB9C426EAE0,2,6,2,149,132,3,1,3,9
1CB9C426ED80,3,6,2,111,94,3,2,3,8
EC8CA22EAAB0,2,2,1,74,64,6,3,3,5
F03E9018FC10,3,5,2,128,53,8,1,1,10
EC8CA22EE400,2,3,2,107,65,2,2,3,8
F8E71E19AF10,3,3,2,96,68,3,2,3,8
1CB9C429AD00,0,2,3,92,83,4,1,3,9
1CB9C429CAA0,2,8,2,120,48,4,2,3,10
EC8CA20D2120,3,4,2,104,54,3,2,3,11
EC8CA21012D0,2,21,2,148,58,10,2,3,10
1CB9C429BB30,1,4,3,101,91,4,1,4,9
1CB9C426D340,3,9,2,91,24,6,2,3,11
EC8CA213BD70,0,2,1,77,43,5,2,3,7
1CB9C4250DA0,0,5,1,147,89,8,2,3,9
EC8CA21004F0,1,7,2,113,80,9,2,4,9
EC8CA21016D0,0,5,2,72,70,3,2,0,6
1CB9C42512A0,1,5,3,115,106,3,1,4,9
EC8CA215F260,0,2,1,191,113,8,3,3,7
EC8CA20FF6D0,2,1,3,52,73,0,2,4,7
EC8CA22EE5C0,0,3,1,178,100,8,2,3,8
0CF4D52C5840,0,2,1,70,40,5,2,3,7
EC8CA20D8A40,2,6,1,89,43,3,3,3,6
EC8CA20D8A50,1,5,3,112,102,4,1,4,8
EC8CA2139CF0,0,3,1,114,86,8,2,3,9
EC8CA213C4E0,1,2,1,218,113,8,2,3,8
0CF4D52BD8D0,1,2,2,108,87,6,2,3,9
1CB9C426B0F0,3,12,2,123,70,11,2,4,10
3420E31781F0,0,2,2,66,122,1,1,4,6
1CB9C426D490,0,2,1,84,48,5,2,3,8
EC8CA20FEBC0,0,3,1,124,81,9,2,3,8
EC8CA213C760,0,6,2,64,72,5,1,0,6
3087D926D270,3,3,3,50,93,3,1,2,5
EC8CA2100410,1,6,1,110,49,1,2,0,5
EC8CA215F440,1,3,4,96,74,1,1,4,9
EC8CA2100450,1,2,1,216,112,8,2,3,8
EC8CA2100F50,2,0,1,79,44,4,3,3,5
EC8CA20F00C0,0,2,3,85,82,4,1,3,9
EC8CA215F9F0,0,5,2,74,73,3,2,0,6
0CF4D52D0890,2,6,1,89,43,3,3,3,6
184B0D1FA810,0,1,3,67,120,1,1,4,6
1CB9C42694A0,2,5,2,116,46,4,2,3,10
3420E3175410,2,2,2,31,36,1,1,3,8
EC8CA20D2460,4,4,2,126,85,3,2,3,8
1CB9C429B630,1,6,3,118,113,3,1,3,9
3087D926EB30,1,1,2,87,62,0,2,0,3
EC8CA20FFC40,0,6,2,69,73,5,1,0,6
EC8CA22EE000,1,0,3,22,29,0,1,4,5
3420E3175840,0,0,2,7,10,3,1,2,8
60D02C2361F0,3,3,3,52,50,5,1,2,10
441E98142D50,3,7,3,75,70,4,1,1,11
EC8CA20FF7C0,1,4,3,105,94,4,1,4,9
0CF4D52C58F0,3,10,3,123,95,4,2,2,11
0CF4D52D3A20,1,5,1,178,101,8,2,3,10
EC8CA215F210,2,0,1,79,44,4,3,3,5
1CB9C429B6A0,2,6,2,103,96,3,2,3,8
0CF4D52C5870,0,2,1,69,42,5,2,3,7
184B0D1FA830,4,5,3,100,49,6,1,1,11
1CB9C429AF20,0,2,3,89,85,4,1,3,9
EC8CA22E8B70,0,4,1,166,94,8,2,3,8
F03E90192B60,0,2,1,90,57,6,2,3,7
F03E90193AC0,1,2,2,110,95,6,2,3,9
1CB9C4268630,1,7,2,113,85,7,1,4,9
1CB9C426BF90,1,2,2,122,107,3,2,3,9
EC8CA20F0680,0,3,1,206,110,8,2,3,9
1CB9C429D240,2,6,2,105,70,4,1,2,11
EC8CA22D8320,0,7,2,116,80,9,2,4,9
EC8CA215F110,2,1,3,27,24,1,2,3,7
1CB9C4268350,3,12,2,138,35,7,2,3,11
3420E3174DF0,0,5,3,90,105,2,1,4,6
8CFE74216740,0,2,3,55,66,1,1,4,8
1CB9C426B060,3,3,2,108,72,3,2,3,8
F03E90192F70,1,2,2,40,36,0,1,4,8
3420E31786D0,2,2,3,42,42,4,1,2,7
EC8CA2160200,0,2,1,213,120,8,2,3,10
3087D91F72B0,1,2,0,43,14,1,2,2,7
EC8CA2101720,0,2,1,197,121,7,3,3,8
1CB9C4301880,1,2,2,37,42,0,1,3,8
EC8CA2139580,2,4,1,68,39,4,3,3,5
EC8CA215F230,1,2,0,52,29,2,2,3,7
EC8CA20D14C0,2,6,3,114,77,4,1,2,11
EC8CA20D8420,2,6,1,89,43,3,3,3,6
EC58EA1315E0,1,4,4,89,75,3,1,4,10
1CB9C426D9B0,1,4,3,115,101,4,1,3,8
3087D9262400,1,0,2,27,40,0,1,4,5
1CB9C426E380,2,6,2,110,80,4,1,2,11
1CB9C426E900,3,3,2,121,83,6,2,3,8
1CB9C426CAE0,2,4,2,102,59,5,2,2,11
0CF4D52BD5D0,4,15,2,118,21,6,2,3,11
1CB9C426CAD0,2,5,2,121,110,4,2,3,8
60D02C230860,1,5,3,97,87,4,1,4,9
0CF4D52C56E0,1,2,0,36,29,2,2,3,7
EC8CA21398C0,2,14,2,141,55,8,2,3,11
0CF4D52BD990,1,2,0,57,44,2,2,3,7
1CB9C429ACD0,4,3,2,112,64,2,2,3,8
1CB9C424E220,2,4,2,103,72,11,2,3,9
EC8CA22EE860,0,3,1,157,109,9,2,3,8
3087D91F5E50,0,3,2,63,65,8,1,0,5
0CF4D52C5960,1,1,2,34,72,0,1,4,5
0CF4D52D3D70,2,6,3,108,63,6,1,2,11
3087D926E920,0,4,2,106,62,3,2,2,11
EC8CA20F08C0,0,2,3,95,94,4,1,3,9
0CF4D52BBF30,0,2,3,70,115,1,1,4,5
0CF4D52C46B0,0,2,1,219,121,8,2,3,8
1CB9C429AF90,1,2,0,50,20,2,2,2,7
F03E9018FB70,2,3,2,101,74,10,2,3,9
0CF4D52D5760,2,5,1,67,39,4,3,3,5
1CB9C4301860,1,4,1,198,100,8,4,2,6
EC8CA215F650,0,2,3,84,72,4,1,4,9
EC8CA22D8480,1,1,0,46,61,1,3,3,7
EC8CA20F0310,2,2,1,91,45,4,2,3,8
1CB9C424B130,0,2,1,175,116,7,3,3,8
1CB9C426BD70,3,3,2,108,69,3,2,3,8
0CF4D52BB200,2,1,3,52,89,0,1,4,6
1CB9C429D630,2,2,2,113,70,10,2,3,9
EC8CA22EA900,0,2,3,93,93,4,1,4,9
EC8CA22F11A0,0,2,3,56,54,3,1,4,9
EC8CA213B280,1,6,1,110,48,1,2,0,5
EC8CA22EDE10,1,4,3,101,92,4,1,4,9
0CF4D52BD420,1,4,2,100,88,4,1,4,9
EC8CA20D8B50,1,2,0,47,29,2,2,3,7
EC8CA20D1720,0,3,2,73,72,3,2,0,6
EC8CA20D20A0,0,2,1,200,118,7,3,3,8
EC8CA213C8C0,2,1,3,38,48,0,2,3,7
1CB9C426A8D0,0,3,1,103,79,8,2,3,9
EC8CA22EE030,3,5,2,139,44,8,1,3,10
0CF4D52B9030,1,1,2,33,65,0,1,4,5
1CB9C429AE50,3,5,2,115,76,3,2,3,8
EC8CA213BAF0,0,6,2,75,71,4,1,0,6
EC8CA215F130,1,6,0,59,25,2,2,3,6
EC8CA20F3770,1,3,2,114,82,9,2,3,9
1CB9C426A330,2,1,3,38,48,0,2,3,7
0CF4D52D4380,1,2,2,74,48,1,2,0,5
0CF4D52C4A00,2,1,1,78,44,4,2,3,8
1CB9C429C910,1,2,2,73,46,4,2,3,8
1CB9C4302260,0,4,1,169,111,8,2,3,9
EC8CA20F00F0,5,8,2,106,39,3,2,3,11
EC8CA2101340,2,8,1,177,89,8,2,3,11
60D02C246700,3,2,3,51,48,5,1,2,10
1CB9C426D970,4,7,2,98,24,7,2,3,9
1CB9C426ECD0,1,5,3,140,132,3,1,3,8
EC8CA20EFFD0,3,1,3,75,38,5,1,1,10
F03E90190C30,1,2,0,54,25,2,2,3,7
3087D923E060,1,1,2,87,62,0,2,0,3
EC8CA22F1230,2,7,2,105,82,5,1,2,11
1CB9C4301610,0,4,1,169,111,8,2,3,9
1CB9C426AD60,3,3,2,108,69,3,2,3,8
1CB9C426ECC0,1,5,3,140,132,3,1,3,8
EC8CA20E6810,0,3,1,114,86,8,2,3,9
0CF4D52BC990,0,2,3,67,110,1,1,4,5
0CF4D52D34B0,1,2,0,58,67,1,3,3,7
1CB9C426F0A0,2,3,2,132,124,4,2,3,9
EC8CA20F3F50,0,1,1,32,27,3,2,0,6
0CF4D52D0A50,1,2,2,74,51,5,2,3,8
0CF4D52D3A60,1,5,1,178,101,8,2,3,10
1CB9C4268650,2,2,3,82,63,2,2,3,9
EC8CA20F0230,0,3,1,206,116,8,2,3,8
EC8CA22E8570,2,6,3,115,73,4,1,4,11
EC8CA22EF880,2,3,3,51,50,4,2,3,11
0CF4D52CFF70,0,2,1,30,52,1,3,3,7
EC8CA20FEF10,1,5,1,123,64,7,2,3,9
EC8CA21003F0,1,2,1,78,46,5,2,3,8
EC8CA213A5A0,0,4,2,62,71,6,1,0,5
0CF4D52C57E0,2,1,3,54,67,1,2,4,7
1CB9C426BC00,0,5,1,132,81,8,2,3,8
EC8CA20D8B90,2,3,3,42,76,3,1,1,5
EC8CA212D010,0,0,3,17,21,5,1,4,8
1CB9C429BF80,1,2,0,56,30,2,2,3,7
1CB9C4309000,0,2,3,70,115,1,1,4,5
3420E3178610,2,1,3,43,42,4,1,2,7
EC8CA2101260,0,2,3,88,82,4,1,3,9
F03E90192C40,3,3,2,114,80,6,2,3,9
0CF4D52BCAB0,2,6,3,109,64,6,1,2,11
EC8CA20F0A30,0,1,3,78,64,5,1,3,11
1CB9C4309140,0,3,1,180,106,8,2,3,9
EC8CA22E9240,1,1,3,18,37,4,0,1,6
EC8CA20FFD60,1,1,0,49,58,1,2,3,6
0CF4D52B94E0,0,2,4,57,103,0,1,5,4
0CF4D52BB7C0,0,4,2,51,82,1,1,0,6
0CF4D52D2E40,1,2,0,49,67,1,3,3,7
1CB9C4268E10,1,4,1,95,60,6,2,3,9
3420E3178B00,0,0,4,22,32,3,1,4,6
EC8CA20D2280,2,1,3,46,87,0,1,4,6
EC8CA2160460,0,2,1,128,87,9,2,3,8
184B0D1FA250,1,0,2,92,63,0,3,2,4
EC8CA2139340,1,6,1,110,48,1,2,0,5
1CB9C424B950,1,4,1,95,60,6,2,3,9
1CB9C4251230,0,5,1,147,89,8,2,3,9
EC8CA213A060,3,4,2,100,50,3,2,3,10
EC8CA20E7640,1,2,0,58,67,1,3,3,7
1CB9C426F200,1,3,1,189,101,8,2,3,10
1CB9C4301EC0,1,1,1,50,46,2,2,3,8
EC8CA20E7620,2,3,2,128,81,5,2,3,9
EC8CA20D9020,1,3,2,72,70,3,2,0,6
1CB9C4301870,0,0,3,93,58,5,1,3,12
EC8CA212EF90,2,2,1,116,73,7,3,3,7
1CB9C43016E0,3,2,3,63,55,4,2,2,12
EC8CA21605D0,1,2,0,60,47,2,2,3,7
1CB9C429B7F0,3,2,0,70,58,2,3,3,6
1CB9C429C800,2,2,2,95,39,3,2,3,10
3087D91F62D0,1,6,1,95,46,1,2,0,6
3420E31770E0,1,2,3,25,14,3,1,1,8
0CF4D52D3900,2,8,1,164,80,8,2,3,10
EC8CA2160670,0,3,1,209,119,9,3,2,6
1CB9C429B7A0,0,1,3,78,64,5,1,3,11
1CB9C426BFC0,2,5,2,104,104,3,2,3,8
F03E90192D50,1,4,1,197,95,8,2,3,10
EC8CA215F360,0,5,2,74,73,3,2,0,6
EC8CA20F1540,1,6,1,142,75,6,2,3,9
EC8CA20F4590,4,8,2,84,28,7,2,3,9
8CFE74212F40,0,3,3,58,84,2,2,4,6
EC8CA2100510,1,2,1,35,36,1,1,3,8
1CB9C424D5B0,2,10,3,104,96,5,1,2,11
EC8CA213B500,0,2,1,208,118,7,2,3,8
0CF4D52BC130,1,4,2,107,59,4,2,2,11
1CB9C426BBE0,4,7,2,98,24,7,2,3,9
1CB9C4301FD0,0,4,1,204,115,8,2,3,8
EC8CA20F01C0,0,5,3,91,78,4,1,2,10
0CF4D52BCAC0,2,2,2,117,81,7,2,3,8
EC8CA20D1990,1,2,0,59,45,2,2,3,7
EC8CA213C880,1,5,1,130,58,5,2,3,10
F03E90193B20,2,1,0,65,30,2,2,3,7
0CF4D52D06A0,0,6,1,98,46,2,2,2,5
1CB9C426DDD0,0,3,1,103,79,8,2,3,9
8CFE74212840,1,6,1,88,67,6,3,2,7
0CF4D52BB550,0,6,1,93,46,2,2,2,5
0CF4D52BD9B0,3,3,2,92,57,3,2,3,8
EC8CA215F0C0,3,19,2,151,56,10,2,4,9
0CF4D52D05A0,0,6,1,98,46,2,2,2,5
0CF4D52D3D40,0,2,3,57,115,0,1,4,5
F8E71E19AD20,1,5,1,172,87,8,2,3,9
EC8CA20F0060,3,7,2,90,26,6,2,3,11
3420E3177DC0,3,0,3,51,49,5,1,2,12
3420E3178140,0,1,3,69,108,1,1,4,6
3087D91F8060,1,6,1,111,49,2,2,0,5
EC8CA20E6C00,4,16,2,116,25,6,2,3,11
EC8CA213B9C0,0,2,1,179,105,7,3,2,7
EC8CA22EA710,0,5,1,116,74,7,2,3,9
1CB9C429B890,1,3,3,104,74,1,1,4,9
8CFE742163C0,2,3,3,56,91,1,2,4,6
EC8CA215E9F0,1,6,2,132,58,0,2,0,5
0CF4D52BC750,1,6,1,142,76,6,2,3,9
1CB9C426D3D0,0,3,1,125,89,8,2,3,9
EC8CA213AAB0,1,1,1,99,63,4,3,3,7
1CB9C4250CF0,0,4,3,133,122,3,1,3,8
EC8CA22EEA10,2,3,3,46,45,4,2,3,11
EC8CA20FE340,2,6,2,105,61,6,1,2,11
EC8CA213B9E0,3,6,3,105,59,6,1,2,11
EC8CA20D1DD0,1,2,0,58,67,1,3,3,7
EC8CA213A6D0,3,3,3,66,64,5,1,2,12
EC8CA22F0E90,0,7,2,56,95,1,1,0,6
EC8CA20F3740,1,2,0,44,57,1,3,3,7
EC8CA2100610,4,12,2,124,19,6,2,3,11
0CF4D52B9300,2,3,3,46,80,3,1,1,5
1CB9C43065C0,0,2,1,208,113,8,2,3,9
EC8CA20F3D00,1,2,2,114,100,4,2,3,9
8CFE742161D0,2,4,2,152,132,3,2,3,8
3420E3178420,0,2,2,70,120,1,1,4,5
1CB9C429D690,2,6,3,109,74,5,1,2,11
EC8CA2139CD0,0,4,1,163,83,8,2,3,9
1CB9C426A7E0,2,7,2,149,141,4,2,3,9
EC8CA22E8B00,0,2,1,162,95,7,3,3,7
EC8CA2101250,3,1,3,66,34,4,1,1,10
1CB9C424BA30,1,4,1,95,60,6,2,3,9
1CB9C43093E0,0,2,1,208,113,8,2,3,9
EC8CA20D8300,4,11,2,121,19,6,2,3,11
1CB9C4269D10,3,4,2,106,51,3,2,3,11
EC8CA215E830,0,2,1,200,106,8,2,3,9
0CF4D52D09B0,1,1,1,48,41,1,2,3,8
1CB9C429AFD0,1,2,0,57,26,2,2,3,7
1CB9C426D980,1,4,3,128,120,4,1,3,8
1CB9C429BF10,1,6,3,129,117,4,1,3,9
3420E3177FC0,1,4,4,81,80,3,1,4,9
EC8CA20FEC30,2,1,3,48,92,0,2,4,6
3420E3178960,0,2,2,68,117,1,1,4,6
0CF4D52BB390,1,4,4,103,80,2,1,4,9
1CB9C429AFA0,0,2,3,68,108,1,1,4,5
1CB9C426E700,1,4,1,199,102,9,4,2,6
3087D91F8550,0,0,3,20,34,4,1,4,8
EC8CA20F0380,2,4,2,150,129,4,2,3,9
EC8CA213ABD0,1,2,0,61,29,2,2,3,7
3087D923DE40,0,3,3,79,110,1,1,4,5
1CB9C429B7B0,0,3,1,94,72,5,2,3,9
F03E90193B60,1,2,2,110,94,4,2,3,9
1CB9C4268210,2,6,3,107,74,4,1,2,11
441E98145C20,1,4,3,128,105,4,1,3,8
EC8CA213BA00,0,3,1,124,81,9,2,3,8
0CF4D52C5740,3,2,1,70,58,2,3,3,6
0CF4D52BBF40,4,4,2,119,95,3,2,3,8
EC8CA20D19A0,1,5,3,105,101,3,1,4,9
1CB9C426EAA0,4,8,2,86,32,7,2,3,9
0CF4D52D1A20,0,5,3,107,82,4,1,3,10
0CF4D52D1AD0,3,8,2,96,34,4,2,3,11
1CB9C42507E0,1,3,1,87,50,4,2,3,7
EC58EA1310E0,1,0,2,32,45,0,1,4,5
EC8CA22EFE50,0,2,3,67,109,1,1,4,5
0CF4D52BCD70,2,2,2,117,81,7,2,3,8
8CFE74216640,2,0,3,44,35,4,1,2,8
1CB9C426C240,0,2,1,160,94,7,3,3,7
1CB9C42513C0,1,4,1,190,99,8,2,3,10
3420E31782C0,3,0,3,51,49,5,1,2,12
EC8CA2139220,1,2,0,61,29,2,2,3,7
0CF4D52BB310,1,2,0,63,53,1,3,3,7
1CB9C429B460,1,1,0,57,66,1,3,3,6
3087D9239130,1,7,3,79,91,5,1,2,11
EC8CA20FEFA0,2,6,3,108,75,4,1,2,11
1CB9C429D210,1,4,1,197,100,8,2,3,10
EC8CA215FA70,1,3,3,114,104,4,1,3,9
F03E90190580,3,2,2,119,50,7,1,1,10
0CF4D52BC350,1,2,0,48,21,2,2,3,7
0CF4D52C3940,1,1,0,44,54,1,2,3,6
EC8CA213B250,3,1,1,82,53,4,3,3,7
0CF4D52C4A10,1,2,2,65,34,1,2,0,5
0CF4D52BC200,0,2,3,8,4,2,1,2,8
0CF4D52BC110,3,2,2,107,65,5,2,3,9
1CB9C42698D0,3,3,2,98,63,3,2,3,8
1CB9C426BBD0,0,2,1,160,94,7,3,3,7
EC8CA215E8C0,0,5,2,73,70,3,1,0,6
1CB9C429CA70,2,5,2,151,134,4,2,3,9
EC8CA22EDED0,3,1,3,56,60,5,2,2,11
1CB9C424B0C0,3,7,2,90,26,6,2,3,11
EC58EA199840,2,2,3,54,91,1,2,4,6
0CF4D52C4B00,1,1,0,44,54,1,2,3,6
EC8CA20D8EF0,3,4,3,70,66,5,1,2,12
3087D91F1940,0,0,3,46,45,5,1,4,9
1CB9C429B410,2,5,2,147,136,3,1,3,9
EC8CA20D9030,1,3,2,72,70,3,2,0,6
1CB9C424B390,0,2,1,154,94,7,3,3,6
EC8CA20FEFF0,2,2,2,113,70,10,2,3,9
EC8CA20FFDD0,3,6,3,105,59,6,1,2,11
EC8CA213AF60,3,1,1,80,54,4,3,3,7
0CF4D52BD930,3,1,2,24,27,1,1,3,7
EC8CA22EA940,2,7,2,121,92,3,2,3,8
0CF4D52D0470,1,1,0,46,61,1,3,3,7
EC8CA22E7B00,1,2,0,47,63,1,3,3,7
EC8CA22E9B90,1,3,3,100,80,2,1,4,9
EC8CA22EB3F0,2,6,2,131,117,4,2,3,9
1CB9C424E1F0,1,2,2,110,94,3,2,3,9
EC8CA213A300,2,1,3,51,57,1,2,3,7
0CF4D52B9340,3,3,2,92,57,3,2,3,8
1CB9C429B760,0,2,1,168,101,6,3,3,7
EC8CA22EA7D0,1,3,2,126,106,6,2,3,8
EC8CA20D9250,1,1,2,37,67,0,1,4,5
1CB9C4308FD0,1,4,3,115,101,4,1,3,8
EC8CA20D27D0,2,2,2,101,45,3,2,3,9
EC8CA213B0C0,1,2,0,50,19,2,2,2,7
EC8CA213B9A0,0,6,1,109,72,4,2,2,7
0CF4D52BBFF0,3,1,3,66,34,4,1,1,10
1CB9C426D9C0,2,3,2,140,122,4,2,3,8
0CF4D52BB190,1,5,2,117,50,1,2,0,5
1CB9C426BAF0,3,10,2,107,39,5,2,3,11
1CB9C426F2F0,3,4,2,140,101,3,2,3,8
3420E3178D50,3,3,3,48,83,4,1,2,6
EC8CA20F3CF0,0,7,2,116,79,9,2,4,9
EC8CA21013A0,0,2,3,88,82,4,1,3,9
EC8CA2130070,0,0,3,66,113,1,1,4,5
1CB9C4268200,5,17,2,138,27,7,2,3,9
3420E3177D70,3,3,3,48,84,4,1,2,6
EC8CA21004D0,0,2,1,219,121,8,2,3,8
0CF4D52BBC40,0,4,1,134,87,8,2,3,9
0CF4D52D2E60,0,2,3,56,118,0,1,4,5
EC8CA20D1DA0,2,4,2,95,92,3,2,4,8
1CB9C426E6A0,4,16,2,133,33,6,2,3,11
EC8CA22EE960,0,3,1,178,101,8,2,3,8
EC8CA20D82D0,1,2,0,49,23,2,2,3,7
EC8CA215E880,0,4,2,107,85,7,2,3,8
EC8CA22D61D0,1,1,2,44,82,0,1,4,5
EC8CA20F36D0,1,1,1,48,41,1,2,3,8
3087D91F8470,1,2,2,43,35,2,2,0,6
F03E90192DB0,1,2,0,54,25,2,2,3,7
1CB9C424D580,1,5,3,90,84,2,2,4,8
0CF4D52C3AC0,1,1,0,45,57,1,2,3,7
EC8CA2160410,2,1,0,65,30,2,2,3,7
EC8CA212F430,1,2,2,43,35,2,2,0,6
0CF4D52D3FF0,0,2,1,67,38,4,2,3,7
1CB9C429D820,0,3,3,135,112,4,1,3,8
EC8CA213A380,1,1,0,45,57,1,2,3,7
1CB9C426CC60,0,3,2,117,104,3,1,3,8
EC8CA20FFB60,2,0,3,31,23,1,2,3,7
EC8CA213BC00,1,3,3,46,50,4,2,3,11
0CF4D52D08D0,1,1,1,51,41,1,2,3,8
EC8CA215F8E0,0,3,1,125,89,8,2,3,9
0CF4D52BDC60,0,2,1,60,35,3,2,3,7
EC58EA199A40,1,0,3,21,28,0,1,4,5
F03E90190C50,1,3,2,118,91,7,2,3,8
EC8CA20FEEE0,1,5,1,123,64,7,2,3,9
F03E901900E0,3,10,1,152,63,7,2,3,11
F03E90192DE0,2,0,2,76,32,4,1,3,10
EC58EA131140,1,4,4,89,75,3,1,4,10
EC8CA20D8B70,1,2,0,49,24,2,2,3,7
EC8CA20E7600,4,3,2,99,61,2,2,3,8
1CB9C4309260,2,16,1,159,48,8,2,3,12
1CB9C4268910,2,7,2,137,129,4,1,3,9
8CFE74216040,1,4,3,90,84,4,1,4,9
1CB9C4269640,2,8,2,120,48,3,2,3,10
EC8CA20FFED0,2,1,2,43,85,0,1,4,5
EC8CA2101230,2,2,2,101,45,3,2,3,9
1CB9C429ABE0,1,3,3,104,74,1,1,4,9
1CB9C4250D20,1,2,0,44,57,1,3,3,7
EC8CA213B2A0,2,1,2,43,85,0,1,4,5
EC8CA20FFBE0,0,2,1,197,119,7,3,3,8
8CFE74212B30,1,4,3,90,84,4,1,4,9
EC8CA22E21D0,0,2,3,93,93,4,1,4,9
EC8CA20F0390,0,5,1,130,79,8,2,3,8
0CF4D52B9420,1,1,2,70,30,2,2,3,8
1CB9C424AE10,1,2,2,115,92,3,2,3,9
1CB9C42690D0,1,3,3,114,102,4,1,3,8
1CB9C426A400,2,6,2,106,74,4,1,2,11
EC8CA20F4580,1,3,3,90,81,2,1,4,8
1CB9C429A7F0,0,1,0,38,54,1,3,3,7
1CB9C4269450,1,4,3,128,120,4,1,3,8
8CFE742163B0,1,5,3,97,86,4,1,4,9
EC8CA20F0640,0,5,1,127,79,8,2,3,9
EC58EA13F710,0,2,2,67,131,1,1,4,6
EC8CA20D1760,0,4,1,172,92,8,2,3,9
0CF4D52C59A0,0,2,3,83,74,3,1,4,9
EC8CA22EFEC0,1,3,1,193,102,8,2,3,10
EC8CA213B1B0,0,2,1,78,44,5,2,3,7
1CB9C429AA10,0,3,2,134,112,3,1,3,8
EC8CA20D1ED0,2,1,2,43,85,0,1,4,5
EC8CA2100EA0,2,7,3,74,72,5,1,2,12
0CF4D52C2FF0,3,2,2,107,65,5,2,3,9
EC8CA20F06B0,1,4,2,95,49,4,2,3,9
EC8CA2139970,0,2,2,79,75,3,1,4,9
1CB9C4301E90,2,7,3,82,79,6,2,1,10
EC8CA20D8C60,0,4,1,171,91,8,2,3,9
1CB9C429CBB0,0,2,3,85,82,4,1,3,9
1CB9C426D3A0,4,1,2,92,46,4,2,3,9
EC8CA20D1750,0,4,1,169,91,8,2,3,9
EC8CA22E9A40,2,6,3,115,73,4,1,4,11
0CF4D52BB1F0,0,2,1,26,49,1,3,3,7
3420E31793C0,2,2,3,46,47,4,1,2,6
EC8CA22EEBF0,1,2,1,147,93,7,3,3,7
0CF4D52BD820,0,4,1,134,87,8,2,3,9
EC8CA20D1AE0,0,2,2,79,75,3,1,4,9
EC8CA2100420,3,1,3,66,34,4,1,1,10
0CF4D52B8F90,1,3,2,34,44,5,2,3,12
F03E90190C40,4,8,2,86,32,7,2,3,9
184B0D1F9FA0,0,2,3,61,112,0,1,5,5
EC8CA20FEB20,2,0,3,31,23,1,2,3,7
EC8CA2100E50,2,2,2,51,38,2,2,3,8
3087D926EB10,0,2,3,56,104,0,1,5,5
3420E31784D0,2,0,2,41,40,0,1,4,7
EC8CA213A390,2,1,3,51,57,1,2,3,7
1CB9C426D7F0,1,6,3,111,99,2,2,3,8
1CB9C4301E40,1,1,1,50,46,2,2,3,8
1CB9C426A890,2,8,2,118,48,3,2,3,10
EC8CA20D1D60,2,4,2,95,92,3,2,4,8
EC8CA22EE8D0,2,3,2,123,57,5,1,2,11
EC8CA20FF0B0,2,1,3,27,24,1,2,3,7
EC8CA213B9D0,0,3,1,123,81,9,2,3,8
EC8CA22EF4C0,2,3,2,123,57,5,1,2,11
3420E31789D0,0,1,2,57,132,1,1,4,6
1CB9C426BE20,2,7,2,137,129,4,1,3,9
EC8CA2100CC0,3,3,2,87,64,4,2,3,9
0CF4D52B8E70,1,0,3,55,40,4,1,3,11
1CB9C426C380,2,5,2,151,134,4,2,3,9
1CB9C426DDF0,0,7,2,127,80,9,2,4,9
1CB9C42685E0,2,6,2,149,132,3,1,3,9
8CFE74212C80,0,2,3,67,93,1,1,4,6
3087D91F5E80,2,6,3,106,92,3,1,1,11
EC8CA2160610,0,2,1,219,121,8,2,3,8
0CF4D52D2AB0,1,1,0,49,58,1,2,3,6
EC8CA20D8A00,1,2,0,47,24,2,2,3,7
1CB9C429DE00,2,3,2,88,71,2,2,3,6
3420E3178350,2,1,3,46,40,4,1,2,6
1CB9C42511E0,0,4,1,156,93,8,2,3,8
EC8CA22F0F20,0,2,3,67,66,3,1,4,9
1CB9C426E910,1,6,3,111,99,2,2,3,8
EC8CA212E170,0,0,3,17,21,5,1,4,8
1CB9C4269150,4,8,2,100,41,3,2,3,11
EC8CA215F8A0,1,5,2,103,43,4,2,3,10
1CB9C4268C80,2,2,3,82,63,2,2,3,9
441E98142E20,1,3,2,39,31,3,2,0,6
3087D91F69A0,1,6,1,95,46,1,2,0,6
EC8CA215E900,1,1,2,37,67,0,1,4,5
1CB9C426D230,3,10,1,159,64,8,2,3,13
441E98141430,3,0,3,42,38,5,1,2,9
EC8CA20E6B90,3,7,2,90,26,6,2,3,11
3087D91F1960,2,0,2,39,46,0,1,4,7
EC8CA20F03E0,1,1,1,78,40,3,2,3,8
0CF4D52BDBA0,1,2,0,39,57,1,3,3,7
1CB9C426BD10,2,6,2,145,130,4,2,3,9
EC8CA21398A0,2,6,2,105,67,4,1,2,11
1CB9C426BBC0,3,3,2,86,64,4,2,3,9
1CB9C4268E20,2,5,2,121,111,3,2,3,8
EC58EA13F660,0,2,3,56,113,0,1,5,5
3420E3178FD0,2,2,3,45,49,4,1,2,6
EC8CA20D2210,1,4,1,197,99,8,2,3,10
EC8CA21005F0,2,6,3,107,75,5,1,2,11
F03E9018FA50,1,5,1,172,87,8,2,3,9
441E981428C0,0,3,1,32,22,3,1,0,6
EC8CA20F0730,2,2,2,95,39,3,2,3,10
EC8CA20F0DD0,2,1,1,70,48,3,2,3,8
EC8CA215F0D0,0,2,1,218,121,8,2,3,10
3420E3177C80,0,2,2,63,115,1,1,4,5
3420E3177D60,0,2,2,63,115,1,1,4,5
F03E90192B50,3,5,2,97,47,3,2,3,11
1CB9C429D520,0,4,1,171,96,8,2,3,9
1CB9C426BE70,3,3,2,96,68,3,2,3,8
1CB9C426B590,3,5,2,97,47,3,2,3,11
EC8CA2131BA0,1,1,3,29,56,0,1,4,5
F03E90192C50,3,3,2,96,68,3,2,3,8
3420E3177C70,1,1,1,41,27,2,2,0,7
3420E3177F10,2,3,3,44,71,3,1,2,5
EC8CA20D22F0,3,1,3,85,45,5,1,2,10
1CB9C43020D0,0,4,1,204,115,8,2,3,8
441E981415B0,0,1,2,52,123,0,1,4,6
0CF4D52BA890,1,5,2,103,43,4,2,3,10
1CB9C429CB50,2,2,2,95,40,3,2,3,10
0CF4D52BD870,4,4,2,93,44,3,2,3,11
EC58EA196A50,0,2,2,63,115,1,1,4,5
EC8CA213BB70,3,1,3,85,45,5,1,2,10
0CF4D52C4A70,0,1,0,38,54,1,3,3,7
1CB9C42513F0,0,2,1,204,122,7,3,3,8
3420E3175C10,0,2,2,63,115,1,1,4,5
1CB9C426EF00,2,4,2,102,59,5,2,2,11
1CB9C426EA20,2,24,2,205,77,9,2,3,9
EC8CA2139FF0,2,6,2,107,73,5,1,2,11
EC8CA20FEB60,0,6,2,64,72,5,1,0,6
EC8CA20E7630,2,2,3,74,65,2,2,3,9
0CF4D52BB160,4,4,2,93,44,3,2,3,11
1CB9C429AA00,2,7,2,121,92,3,2,3,8
0CF4D52BB820,2,11,2,129,43,9,1,3,10
EC8CA212F080,0,0,3,66,113,1,1,4,5
EC8CA22EF800,2,3,3,51,50,4,2,3,11
0CF4D52BB880,1,1,1,41,49,1,2,3,8
EC8CA22EEB60,0,3,1,157,109,9,2,3,8
441E98142F10,1,1,3,47,42,4,1,1,12
3420E3178E80,0,3,2,64,131,0,1,4,6
3087D92619D0,0,0,3,51,52,5,1,4,9
0CF4D52BD790,1,3,1,87,50,4,2,3,7
F03E90190C60,0,2,3,113,95,4,1,3,9
EC8CA20E69F0,2,3,2,128,81,5,2,3,9
EC8CA213A3A0,0,2,1,78,45,5,2,3,7
3087D91F1B20,0,0,3,20,34,4,1,4,8
0CF4D52BC160,1,3,3,67,77,1,1,4,6
3420E3178640,0,3,3,68,83,1,1,4,6
EC58EA195D10,1,1,3,25,52,0,1,4,5
EC8CA2139DD0,0,2,1,210,127,7,2,3,8
3420E3178DD0,0,3,3,69,83,1,1,4,6
1CB9C424D760,1,1,3,62,65,4,1,3,10
EC58EA195DB0,1,0,3,27,52,0,1,4,5
3087D91F5750,1,4,3,70,66,3,1,4,9
EC8CA212F060,0,3,3,84,107,1,1,4,5
3420E31780E0,2,3,3,43,72,4,1,2,6
184B0D1FA800,0,2,3,69,106,2,1,4,6
1CB9C4309280,0,2,1,204,118,7,3,3,8
1CB9C4251410,2,6,2,103,96,3,2,3,8
EC58EA1318B0,0,2,3,69,106,2,1,4,6
3087D923DF80,2,3,3,52,51,5,1,2,9
1CB9C4251310,0,4,1,148,94,8,2,3,8
EC8CA20EFFE0,0,2,1,194,122,7,3,3,8
EC8CA22EBB50,1,2,2,122,52,1,2,0,5
EC8CA2100820,3,0,2,94,35,5,1,1,10
EC8CA20D2010,0,2,1,60,35,3,2,3,7
3420E3178050,1,1,2,44,110,0,1,4,6
EC8CA213BF70,2,4,3,79,84,2,2,3,6
1CB9C426DEC0,3,12,1,165,65,8,2,3,13
EC8CA212F170,2,9,3,121,96,5,1,2,11
1CB9C4250E90,0,2,1,192,123,7,3,3,8
1CB9C426EAB0,2,6,3,107,78,5,1,2,11
1CB9C426C390,2,6,2,123,117,3,1,3,9
EC8CA20FFCD0,1,1,2,77,36,1,2,0,5
184B0D1FAB70,0,0,3,28,62,0,1,5,5
EC8CA20FFAE0,1,2,1,129,79,7,3,3,7
1CB9C42685F0,0,2,1,90,55,6,2,3,8
EC8CA20D2290,0,4,1,172,91,8,2,3,9
1CB9C4309210,1,1,2,44,82,0,1,4,5
EC8CA213ACB0,0,3,1,113,85,9,2,3,9
1CB9C42696D0,2,5,2,116,46,4,2,3,10
0CF4D52D3D00,2,8,3,76,83,6,1,1,11
EC8CA215F180,2,3,2,133,100,4,2,3,8
1CB9C426CB10,3,6,2,94,82,2,2,3,8
EC8CA215FF80,1,3,2,69,37,2,2,0,4
8CFE74213BB0,0,3,3,58,84,2,2,4,6
EC8CA212D080,2,4,3,59,56,6,1,1,9
0CF4D52BBFE0,1,6,3,100,91,2,2,4,8
1CB9C426E110,1,2,1,139,81,7,3,3,7
F03E90192E80,0,2,1,187,121,7,3,3,8
1CB9C424E250,2,1,1,70,49,3,2,3,8
1CB9C429CD60,0,2,1,169,97,8,3,3,7
0CF4D52C3060,3,2,2,107,65,5,2,3,9
1CB9C426E490,0,4,1,156,101,8,2,3,9
EC8CA20D8A60,0,2,1,30,52,1,3,3,7
F03E90190C10,1,2,0,58,22,2,2,2,7
3420E3178220,2,2,3,46,56,4,1,2,6
EC8CA20E7590,3,10,2,88,26,6,2,3,11
1CB9C426E400,0,4,1,156,101,8,2,3,9
F03E901902B0,6,4,2,108,46,8,2,3,9
EC8CA20FDEF0,2,19,2,150,66,10,2,3,10
3420E31769A0,1,2,3,25,14,3,1,1,8
EC8CA20FEF50,4,12,2,123,20,6,2,3,11
1CB9C42507A0,1,2,2,71,53,4,1,3,11
1CB9C429CA80,0,3,2,131,118,3,1,3,8
EC8CA20FFDE0,1,7,2,128,79,9,2,4,9
EC8CA213A580,1,6,2,128,76,9,1,3,9
1CB9C429C760,1,3,1,91,48,4,2,3,7
EC8CA20D9920,2,1,3,39,47,1,2,3,7
EC8CA22EB420,0,2,3,105,92,4,1,4,9
1CB9C426D650,2,6,2,148,126,4,2,3,9
1CB9C426D260,0,2,1,214,121,7,2,3,8
1CB9C429C4B0,3,5,2,128,53,8,1,1,10
1CB9C4269160,1,9,2,138,79,9,2,4,9
1CB9C426E150,2,2,3,86,72,1,2,3,9
184B0D1FA4E0,1,5,3,98,90,2,2,4,8
EC8CA213A550,1,2,0,60,30,2,2,3,7
F03E90191770,6,4,2,108,46,8,2,3,9
0CF4D52C2B80,1,1,0,64,28,2,2,3,7
EC8CA2100850,2,21,2,148,58,10,2,3,10
1CB9C426D3C0,2,2,2,35,41,0,1,3,8
EC8CA20D8F10,3,3,3,61,59,5,2,3,12
1CB9C426A860,0,3,1,211,120,9,4,2,6
0CF4D52BBEA0,3,2,1,70,58,2,3,3,6
1CB9C429AC50,1,1,0,63,28,2,2,3,7
EC8CA212EFA0,0,0,3,22,36,4,1,4,8
1CB9C426DF80,0,2,1,90,55,6,2,3,8
EC8CA21395F0,0,3,1,202,116,8,2,3,8
F03E9018F9F0,6,7,2,101,40,8,2,3,9
EC8CA2139940,0,5,2,73,70,3,1,0,6
EC8CA213BD90,0,4,1,135,84,8,3,3,7
EC8CA213A2A0,0,2,1,102,77,7,2,3,8
3420E3177D10,0,2,3,72,64,4,1,4,9
F03E90191940,3,10,2,107,39,5,2,3,11
EC8CA2100F30,2,1,1,75,48,4,3,3,5
EC8CA215F0E0,2,5,2,93,94,3,2,3,8
EC8CA213C780,3,5,3,73,63,5,1,2,12
EC8CA213C7A0,1,6,1,130,54,1,2,0,5
0CF4D52D0380,1,2,0,48,21,2,2,3,7
0CF4D52C57D0,3,0,2,106,48,5,1,1,10
EC8CA2100430,1,2,1,211,111,8,2,3,8
EC8CA215F390,1,2,0,62,53,1,3,3,7
441E98145750,0,0,3,17,25,5,1,4,8
EC8CA2100E40,3,10,2,107,39,5,2,3,11
8CFE742143A0,2,3,3,56,91,1,2,4,6
3087D91F58C0,0,6,1,105,63,4,2,2,7
1CB9C4268A50,0,2,1,208,116,8,2,3,8
1CB9C4309170,1,6,1,115,68,4,2,2,6
EC8CA212EF60,1,0,3,27,52,0,1,4,5
441E98142D00,1,3,2,39,31,3,2,0,6
EC8CA20EFC90,1,2,2,132,123,3,2,3,9
EC8CA22E88E0,0,2,1,164,95,7,3,3,7
EC58EA199470,1,1,3,25,70,0,1,4,5
EC8CA213A8E0,3,3,3,64,68,5,1,3,12
EC8CA212F1C0,0,0,3,20,35,5,1,4,8
1CB9C42690C0,1,2,2,121,109,3,2,3,9
EC8CA213AF00,4,9,2,107,21,7,2,3,9
3420E3179360,0,2,2,70,120,1,1,4,6
1CB9C43093D0,3,8,2,96,34,4,2,3,11
EC8CA20E7510,3,10,2,88,26,6,2,3,11
1CB9C426BE40,3,4,2,140,102,3,2,3,8
1CB9C426D710,0,5,1,154,80,8,2,3,9
1CB9C4250CC0,1,6,3,129,117,4,1,3,9
441E98142B40,2,6,3,109,86,3,1,4,11
EC8CA213BF80,1,2,2,71,53,4,1,3,11
1CB9C429AD50,1,2,2,71,53,4,1,3,11
0CF4D52BD880,1,2,0,58,31,2,2,3,7
0CF4D52BBED0,0,4,1,132,81,8,2,3,8
1CB9C426C130,1,5,1,125,60,6,2,3,9
184B0D1F9FB0,0,2,3,57,109,0,1,5,5
184B0D1FAD70,1,1,3,25,70,0,1,4,5
1CB9C429AEC0,0,2,3,68,108,1,1,4,5
EC8CA213A520,2,4,3,95,87,2,2,3,7
8CFE742129F0,2,3,3,59,69,1,2,3,8
EC8CA20FFF80,0,2,1,215,121,7,2,3,7
0CF4D52B94D0,0,1,2,49,122,0,1,4,5
1CB9C426EE30,1,5,1,124,60,6,2,3,9
1CB9C4308E10,3,5,2,117,83,2,2,3,8
1CB9C426AD00,1,4,3,128,120,4,1,3,8
3087D91F6030,2,9,3,121,96,5,1,2,11
EC8CA20D22D0,1,4,1,197,99,8,2,3,10
1CB9C429BF00,0,3,1,94,72,5,2,3,9
EC8CA20D8B80,0,2,1,30,52,1,3,3,7
1CB9C4269610,5,17,2,165,32,8,2,3,10
1CB9C426BA90,3,6,2,94,82,2,2,3,8
1CB9C429AEF0,1,1,2,38,114,0,1,4,5
EC8CA22EF180,2,6,2,131,117,4,2,3,9
3087D9263870,0,2,3,54,109,0,1,5,5
EC8CA20D22A0,1,4,1,197,99,8,2,3,10
EC8CA22F0780,1,3,1,193,102,8,2,3,10
0CF4D52B9210,0,2,3,57,114,0,1,4,5
3420E31782A0,2,2,3,57,75,1,2,4,6
EC8CA22EB310,1,4,2,103,85,7,2,4,9
EC8CA2100E00,2,7,3,74,72,5,1,2,12
EC8CA21393C0,2,1,3,48,90,0,2,4,6
EC8CA2100AA0,1,6,2,128,76,9,1,3,9
60D02C236930,1,5,3,97,88,4,1,4,9
1CB9C429D270,1,1,3,62,65,4,1,3,10
1CB9C4301310,0,4,1,148,94,8,2,3,8
3420E3178D30,3,3,3,49,85,3,1,1,5
184B0D1FA7F0,0,1,3,65,118,1,1,4,6
0CF4D52D4050,0,2,3,83,74,3,1,4,9
184B0D1FA630,0,1,3,69,116,1,1,4,6
EC8CA20E6DC0,2,3,2,136,94,4,2,3,8
EC8CA212F1E0,0,0,3,24,64,0,1,4,5
3420E3177D90,0,2,2,71,120,1,1,4,5
EC8CA215F9B0,0,2,1,201,109,8,2,3,9
EC8CA215F990,2,6,2,103,58,6,1,2,11
EC8CA20E6A50,4,15,2,116,25,6,2,3,11
1CB9C429CA60,3,5,2,118,83,2,2,3,8
EC8CA20F0220,5,8,2,106,39,3,2,3,11
EC8CA2136FA0,0,1,2,49,122,0,1,4,5
F03E901901D0,0,2,1,206,119,7,3,3,8
0CF4D52D3D10,2,2,2,34,40,1,1,3,8
EC58EA131600,1,1,2,43,99,0,1,4,5
EC8CA20D1CF0,1,3,2,107,99,3,1,4,9
0CF4D52BBE40,4,4,2,119,95,3,2,3,8
1CB9C426EB40,2,6,3,107,74,4,1,2,11
184B0D1FA8E0,2,1,2,37,43,0,1,4,7
1CB9C4308E00,0,2,1,174,113,7,3,3,8
3420E3178550,0,1,2,46,128,0,1,4,6
3420E3178180,1,1,2,45,107,0,1,4,6
EC58EA1315A0,1,1,2,43,99,0,1,4,5
1CB9C429AEB0,1,5,2,103,68,5,1,3,10
184B0D1FB370,2,1,2,37,43,0,1,4,7
EC8CA20FFEE0,0,2,1,216,120,7,2,3,8
1CB9C426E8D0,5,17,2,138,27,7,2,3,9
EC8CA22F0730,1,4,2,103,85,7,2,4,9
3420E3178BB0,1,1,2,49,123,0,1,4,5
EC8CA213B870,0,1,3,73,68,4,1,4,11
3420E3177E90,0,1,2,48,128,0,1,4,6
EC8CA20F0860,0,2,3,85,82,4,1,3,9
0CF4D52D1B30,0,5,3,107,82,4,1,3,10
184B0D1FA9E0,1,0,2,32,45,0,1,4,5
EC8CA2131B90,1,6,1,111,49,2,2,0,5
EC8CA22EA570,1,5,3,109,79,4,1,3,11
EC8CA22EE010,1,5,3,109,79,4,1,3,11
EC8CA22E78F0,1,2,0,38,34,2,2,3,7
EC8CA20D8CB0,2,11,3,106,94,5,2,2,11
3420E3178940,0,3,2,68,132,1,1,4,6
1CB9C429BF40,4,5,2,115,76,3,2,3,8
1CB9C429C8F0,2,3,2,139,122,4,2,3,9
EC8CA21393D0,3,4,2,104,54,3,2,3,11
3087D92638A0,0,1,3,37,46,5,1,4,9
441E98142490,1,0,2,32,45,0,1,4,5
EC8CA22EB3B0,1,2,0,38,34,2,2,3,7
3087D91F5720,1,5,3,111,96,4,1,4,8
1CB9C43017A0,0,0,3,94,59,5,1,3,12
EC8CA20D82E0,3,3,3,64,68,5,1,3,12
1CB9C426D210,1,7,2,113,85,7,1,4,9
EC8CA20D1A00,1,2,0,61,31,2,2,3,7
1CB9C426DA10,2,2,2,70,44,3,2,3,8
F03E9018FC30,1,2,2,117,101,3,2,3,8
0CF4D52BCE30,3,3,3,64,63,5,2,3,12
441E98145B60,0,0,4,19,27,5,1,4,8
1CB9C4251330,2,4,2,150,129,4,2,3,9
EC8CA2131BC0,0,2,2,73,72,3,1,4,9
EC8CA20F0DF0,3,0,2,108,50,6,1,1,10
F03E90192D80,0,5,1,154,80,8,2,3,9
EC8CA22F0E60,2,6,2,103,65,6,1,2,11
EC8CA2100440,2,3,3,47,47,5,2,3,11
EC8CA20FFDC0,2,6,3,108,77,4,1,2,11
0CF4D52D02A0,1,1,1,52,41,1,2,3,8
F03E90190260,3,3,2,114,80,6,2,3,8
1CB9C42694D0,3,3,2,102,58,3,2,3,8
1CB9C426D810,4,4,2,112,69,2,2,3,8
8CFE74212F60,2,3,3,58,72,1,2,4,6
8CFE742137A0,1,5,3,92,104,2,2,4,6
EC8CA20D1B20,2,20,2,151,66,10,2,3,10
EC8CA2139530,0,2,1,102,77,7,2,3,8
EC8CA213AB50,0,3,1,112,85,9,2,3,9
3087D9264560,3,3,3,46,84,4,1,2,5
3420E3178EF0,1,0,3,19,25,0,1,4,5
EC8CA20D1470,2,3,3,60,66,1,2,3,8
441E981422E0,2,6,3,109,86,3,1,4,11
0CF4D52D32C0,2,9,3,103,89,5,1,2,11
EC8CA215F340,1,2,0,61,31,2,2,3,7
1CB9C4251CC0,1,5,3,115,105,3,1,4,9
EC8CA212F1A0,2,0,2,40,40,0,1,4,7
0CF4D52C4480,0,3,3,72,111,1,1,4,5
0CF4D52C57F0,1,12,3,86,90,7,1,1,11
EC8CA2100F80,3,10,1,169,69,8,2,3,13
EC8CA20D9070,1,3,3,90,81,2,1,4,8
184B0D1FB360,1,4,3,92,83,2,1,4,8
1CB9C4309010,0,4,2,66,80,1,1,4,6
EC8CA212EF40,0,2,3,55,115,0,1,5,5
EC8CA213B240,1,6,2,132,58,0,2,0,5
1CB9C426DF60,1,1,1,229,122,8,2,3,8
EC8CA215EAF0,2,3,2,139,122,4,2,3,9
1CB9C426A680,0,4,3,132,117,4,1,3,8
0CF4D52D3AD0,1,1,0,49,55,1,2,3,8
1CB9C4250D00,1,2,2,109,93,5,2,3,8
1CB9C426DFA0,0,4,3,132,117,4,1,3,8
1CB9C4309130,0,3,3,72,111,1,1,4,5
EC8CA20F1590,3,7,2,130,73,5,1,2,11
EC8CA20D8A10,1,3,4,96,74,1,1,4,9
3420E3178CC0,2,2,3,45,45,4,1,2,6
F03E90192CD0,0,2,1,206,119,7,3,3,8
0CF4D52BD890,2,3,3,49,53,5,2,3,11
EC8CA20EFE70,0,6,1,93,46,2,2,2,5
EC8CA20EFFB0,0,2,1,205,122,7,3,3,7
1CB9C426EEE0,1,4,2,107,87,7,2,3,8
1CB9C429C880,0,2,1,205,122,7,3,3,7
EC8CA20D1A70,1,2,2,70,34,2,2,0,5
EC8CA20F0100,0,2,1,205,122,7,3,3,7
EC58EA196170,0,0,3,29,83,0,1,5,5
1CB9C429B790,1,4,1,190,99,8,2,3,10
1CB9C426D070,2,3,2,137,113,4,2,3,9
1CB9C429C070,0,2,1,205,118,7,3,3,7
EC8CA215EEE0,2,4,0,57,25,2,2,3,7
EC8CA2131DF0,0,0,3,28,64,0,1,4,5
EC8CA20FEC40,4,3,2,103,44,3,2,3,11
EC8CA22EFFF0,3,7,2,128,68,11,2,3,9
3420E3179490,1,0,3,19,25,0,1,4,5
1CB9C4268530,1,3,3,112,104,4,1,3,8
F03E90190200,2,4,2,101,30,7,1,3,10
EC8CA215E870,0,2,1,160,92,7,3,3,7
3087D91F83E0,1,2,0,43,14,1,2,2,7
EC8CA20D1EA0,1,7,2,111,79,9,2,4,9
1CB9C429AD30,1,6,3,130,111,4,1,3,8
1CB9C426E970,0,7,2,127,80,9,2,4,9
EC8CA2100E70,1,4,2,103,84,7,2,4,9
3087D91F6760,2,2,1,94,64,6,3,3,5
1CB9C42512F0,0,5,2,54,95,1,1,0,6
1CB9C429D770,1,6,3,129,113,4,1,3,8
3420E3178B40,3,3,3,53,88,2,1,2,5
3420E3178BE0,3,0,3,51,49,5,1,2,12
EC8CA20D9C10,1,6,2,125,84,9,1,3,9
EC8CA20D8A20,1,5,3,118,118,3,1,3,9
F03E9018F960,0,4,2,106,85,7,2,3,8
EC8CA20FFE90,0,2,1,215,121,7,2,3,7
EC8CA2100670,2,3,2,133,116,4,2,3,9
EC8CA20E75E0,2,7,2,108,82,4,2,2,11
3087D923DCC0,1,2,1,134,85,7,3,3,7
EC8CA213B720,2,6,2,105,96,3,2,3,8
EC8CA215E850,0,2,1,191,113,8,3,3,7
EC8CA21399E0,1,1,1,50,60,1,3,3,6
EC8CA212F020,0,0,3,43,49,6,1,4,9
3420E3178AC0,1,1,1,41,27,2,2,0,7
1CB9C4301820,2,2,1,108,77,7,3,3,6
EC8CA22EA580,3,10,1,159,64,8,2,3,13
1CB9C42680F0,1,9,2,138,79,9,2,4,9
1CB9C426DF90,0,2,2,101,96,4,1,4,9
3420E3178B80,1,0,2,29,37,0,1,4,5
3420E3179010,1,0,2,29,37,0,1,4,5
1CB9C429D810,0,3,3,135,112,4,1,3,8
EC8CA22EA510,1,6,1,128,64,1,2,0,6
0CF4D52D5B10,2,5,3,72,63,5,1,2,13
EC8CA22EE020,3,5,2,131,47,8,1,3,10
1CB9C429B860,3,5,2,131,47,8,1,3,10
0CF4D52BD6A0,2,1,1,86,45,4,2,3,8
3420E3178290,2,3,3,48,70,4,1,2,5
1CB9C429CDB0,1,3,1,125,77,7,3,3,7
3087D91F8020,1,4,3,72,67,3,1,4,9
EC8CA215EA30,0,2,2,121,109,3,1,3,8
EC8CA20FEBA0,2,2,3,74,65,2,2,3,9
0CF4D52BDC00,0,3,1,125,86,9,2,3,8
EC8CA213B790,2,6,2,107,73,5,1,2,11
3420E3178310,2,1,3,46,40,4,1,2,6
EC8CA213C9A0,2,3,2,133,116,4,2,3,9
EC8CA20F0290,0,2,3,85,82,4,1,3,9
EC58EA195CB0,0,0,3,23,66,0,1,5,5
EC8CA22E8B50,0,4,1,166,94,8,2,3,8
F03E90190430,2,4,2,101,30,7,1,3,10
0CF4D52C5850,2,1,1,60,50,3,2,3,8
1CB9C4301E70,3,24,2,196,83,9,2,3,9
1CB9C426D4C0,1,4,3,146,126,3,1,3,8
EC8CA20F0250,1,1,2,91,81,4,1,4,9
0CF4D52BDC90,2,6,3,112,75,5,1,4,11
EC8CA20F0850,1,6,2,119,73,8,1,3,9
EC8CA215F430,2,2,3,82,63,2,2,3,9
184B0D1FAC20,1,3,3,71,90,2,2,3,7
0CF4D52B92D0,1,0,3,22,29,0,1,4,5
1CB9C42513B0,3,3,2,114,78,6,2,3,9
1CB9C43095B0,1,0,3,89,54,5,1,3,11
EC58EA199B80,3,3,3,49,85,3,1,1,5
0CF4D52BA870,1,1,2,38,114,0,1,4,5
441E981483C0,1,1,2,41,36,1,1,3,8
1CB9C4301D50,1,0,3,63,42,4,1,3,12
F03E90191930,1,3,1,197,104,8,2,3,9
0CF4D52C4E10,0,1,2,55,29,2,2,3,7
0CF4D52C4DB0,1,2,0,60,48,2,2,3,7
0CF4D52BCA40,0,5,2,63,74,5,1,0,5
0CF4D52BB0D0,0,5,2,63,74,5,1,0,5
EC8CA2139DF0,0,2,3,84,72,4,1,4,9
1CB9C4251400,0,4,1,156,93,8,2,3,8
3087D91E6370,1,1,2,93,82,4,1,4,9
EC8CA20F00E0,2,16,1,156,47,8,2,3,12
EC8CA2131EF0,0,4,3,93,76,4,1,2,9
0CF4D52BDAB0,2,2,2,35,41,0,1,3,8
8CFE7420EDD0,1,1,3,81,74,4,1,4,10
0CF4D52BCA00,0,2,1,82,46,5,2,3,7
EC8CA2139CB0,2,2,2,129,116,3,2,3,9
1CB9C424B140,1,2,2,115,92,3,2,3,9
8CFE74212F20,1,1,2,41,36,1,1,3,8
1CB9C4268E30,1,2,2,132,123,3,2,3,9
0CF4D52BBBB0,2,3,3,50,51,4,2,3,11
0CF4D52C4EC0,1,6,2,126,64,1,3,0,6
3420E3179160,1,1,2,67,66,4,1,3,10
EC8CA2100FF0,2,4,1,75,46,4,3,3,5
EC8CA215F400,0,2,1,26,42,1,3,3,7
EC8CA215F220,2,2,2,54,38,2,2,3,8
3087D91F5CD0,0,4,1,30,42,1,2,3,7
EC58EA195D30,1,0,3,25,48,0,1,4,5
1CB9C4269100,2,2,3,74,38,4,1,3,11
EC8CA21017E0,1,2,0,41,45,1,2,3,7
3087D926D260,1,0,3,24,36,0,1,4,5
EC58EA196030,1,3,3,71,90,2,2,3,7
1CB9C424B590,3,10,2,110,39,3,2,3,11
1CB9C4250E80,1,1,2,91,81,4,1,4,9
3420E3177340,0,0,2,7,10,3,1,2,8
EC58EA1314F0,1,0,3,25,36,0,1,4,5
F03E9018F9B0,1,3,1,197,104,8,2,3,9
EC8CA20F45A0,1,6,1,97,52,2,2,2,5
3420E3174ED0,1,1,3,25,45,0,1,4,5
1CB9C429BA30,1,1,2,91,81,4,1,4,9
EC8CA20F02E0,2,2,2,63,41,3,2,3,8
EC8CA215F350,0,2,1,69,42,5,2,3,7
1CB9C426DD00,0,4,1,156,101,8,2,3,9
0CF4D52D0D40,1,6,1,114,58,2,2,0,5
F03E90192D00,1,3,3,114,106,4,1,3,9
3087D923DE60,0,3,3,83,70,4,1,2,9
0CF4D52D3490,1,2,0,50,23,2,2,3,7
3420E31783D0,1,1,2,49,115,0,1,4,5
3087D91F5A20,0,0,3,47,45,5,1,3,9
1CB9C429D840,0,2,1,174,113,7,3,3,8
EC8CA22F01E0,1,2,2,113,87,7,2,3,8
1CB9C426D270,0,2,2,101,96,4,1,4,9
EC8CA20FFCA0,1,1,0,45,57,1,2,3,7
0CF4D52D2AA0,2,5,3,72,63,5,1,2,13
1CB9C426E250,0,2,3,91,84,4,1,3,9
1CB9C429B2E0,1,2,0,41,45,1,2,3,7
8CFE74212BE0,2,3,3,59,69,1,2,3,8
EC8CA215E9E0,0,2,1,78,44,5,2,3,7
EC8CA20FFEF0,0,2,1,216,120,7,2,3,8
1CB9C429B4F0,2,5,2,147,136,3,1,3,9
0CF4D52BBE30,0,2,3,77,70,3,1,4,9
EC8CA2131DD0,0,2,2,72,72,3,1,4,9
3420E31786A0,0,3,2,67,129,1,1,4,6
1CB9C429AB60,4,5,2,127,79,3,2,3,8
184B0D1FAD60,0,2,2,67,131,1,1,4,6
EC8CA21004B0,2,3,3,47,47,5,2,3,11
EC58EA199C50,3,3,3,53,88,2,1,2,5
1CB9C426DEE0,3,12,1,165,65,8,2,3,13
EC8CA213BFC0,0,3,1,184,105,8,2,3,9
1CB9C429D400,1,6,2,119,73,8,1,3,9
EC8CA22F0D90,2,1,2,39,75,0,1,4,5
EC8CA20F07C0,1,0,3,89,54,5,1,3,11
EC8CA212FE70,2,2,1,91,61,6,3,3,5
1CB9C426DCA0,2,4,2,113,73,2,2,3,8
EC8CA212FF10,0,4,2,66,65,3,1,0,6
184B0D1FA1E0,1,1,3,26,43,0,1,4,5
EC8CA20D89C0,2,4,2,102,80,2,2,3,8
EC8CA20D8A30,0,4,3,131,116,3,1,3,8
3420E3179260,0,2,3,58,76,1,1,4,8
3420E3177DA0,2,4,3,59,59,6,1,1,10
EC8CA20F0990,1,6,2,119,73,8,1,3,9
EC58EA199900,1,0,3,21,25,0,1,4,5
1CB9C426D750,2,0,2,76,32,4,1,3,10
EC8CA20D8310,1,7,2,116,79,9,2,4,9
1CB9C426D410,3,3,2,123,79,5,2,3,9
EC8CA20F0260,2,6,2,108,68,5,1,2,11
1CB9C429C8B0,1,6,3,118,113,3,1,3,9
1CB9C426B0C0,3,3,2,123,81,5,2,3,9
EC8CA215F560,4,3,2,99,61,2,2,3,8
EC8CA215ED90,1,5,1,122,61,5,2,3,9
1CB9C4301240,1,0,3,63,42,4,1,3,12
1CB9C426D120,2,4,2,112,73,2,2,3,8
EC8CA213BE40,3,12,1,159,58,7,2,3,11
EC8CA2139D60,3,1,3,83,41,5,1,1,10
EC8CA213B330,1,7,3,119,119,3,1,3,9
1CB9C426D680,2,6,2,106,74,4,1,2,11
3420E3178080,1,1,2,67,66,4,1,3,10
EC8CA213A8B0,1,2,0,39,51,1,3,3,7
0CF4D52BB320,0,5,2,56,90,1,1,0,6
EC8CA212F3C0,1,0,3,22,34,0,1,4,5
EC8CA212EFF0,2,6,3,106,86,3,1,1,11
EC8CA20FDFB0,0,2,1,208,117,7,3,3,8
EC8CA2101630,2,11,3,104,94,5,2,2,11
1CB9C4250E70,2,6,2,108,68,5,1,2,11
1CB9C426AFE0,0,2,2,107,94,4,2,3,8
EC8CA213A860,2,6,2,107,95,3,2,3,8
EC8CA20FFCF0,3,4,2,104,54,3,2,3,11
1CB9C42682D0,2,6,3,115,77,4,1,2,11
EC8CA213B2F0,0,4,3,131,116,3,1,3,8
EC8CA20F0700,0,5,1,124,82,8,2,3,9
60D02C2307F0,1,0,3,57,47,4,1,3,10
EC8CA20F0CA0,2,4,3,97,46,5,1,3,11
EC8CA20F0370,1,4,3,132,123,4,1,3,8
60D02C231800,1,0,3,61,50,4,1,3,10
184B0D1FAAA0,1,5,3,98,90,2,2,4,8
EC8CA20E6B80,2,3,2,132,94,4,2,3,8
EC58EA196080,1,0,3,21,32,0,1,4,5
F03E901903E0,6,7,2,101,40,8,2,3,9
EC8CA22D8330,0,6,1,114,56,2,2,0,6
8CFE7421D860,0,0,4,24,37,2,1,4,6
1CB9C426C110,2,3,2,92,66,2,2,3,8
EC8CA22F1250,2,1,2,39,75,0,1,4,5
1CB9C426DB60,0,4,3,138,124,3,1,3,8
EC58EA19A2A0,1,0,3,21,32,0,1,4,5
1CB9C4267720,0,2,3,91,84,4,1,3,9
F03E901918C0,0,2,3,113,96,4,1,3,9
3087D926DB30,3,3,3,46,84,3,1,2,5
8CFE742163F0,0,0,4,24,37,2,1,4,6
F03E90193B40,0,4,2,106,85,7,2,3,8
EC8CA22EAA80,0,4,1,204,115,8,2,3,8
EC8CA20F36E0,0,2,3,67,66,3,1,4,9
EC8CA20F0570,0,3,1,206,116,8,2,3,8
3420E3177F70,0,2,3,67,93,1,1,4,6
EC8CA215FB50,2,5,2,125,115,3,2,3,8
0CF4D52D0840,1,1,1,52,41,1,2,3,8
3087D91F6090,2,7,3,98,96,4,1,1,11
0CF4D52D3A30,1,1,0,49,55,1,2,3,8
8CFE74216400,2,0,3,47,33,4,1,2,8
1CB9C429DF20,0,1,0,21,23,6,0,0,5
1CB9C429DEE0,0,1,0,21,23,6,0,0,5
EC8CA21017F0,0,2,1,204,117,8,2,3,8
1CB9C424D590,0,2,1,205,117,7,3,3,7
EC8CA2100BF0,2,6,3,115,76,4,1,2,11
EC8CA2101700,0,2,1,197,121,7,3,3,8
1CB9C4250EC0,0,2,1,204,120,7,3,3,8
3087D926EB00,2,4,3,54,53,5,1,2,9
EC8CA20D2260,2,0,2,33,20,1,2,3,7
3087D923DBE0,2,4,3,59,54,6,1,1,9
EC8CA213AB60,1,1,1,41,44,1,2,3,8
1CB9C426DF30,3,3,2,114,78,6,2,3,9
3087D92639D0,0,3,3,83,70,4,1,2,9
3420E31792D0,2,4,3,56,56,6,1,1,9
EC8CA20F1550,0,3,1,182,111,8,2,3,9
1CB9C424D260,3,4,2,112,77,2,2,3,8
EC8CA20F0C40,0,3,1,182,111,8,2,3,9
3087D9262410,0,2,3,54,107,0,1,5,5
EC8CA213AB90,1,2,0,60,30,2,2,3,7
3087D91F1B50,0,4,2,66,65,3,1,0,6
8CFE74212870,0,1,2,52,114,0,1,4,6
F03E90193B90,1,2,2,115,92,3,2,3,9
8CFE74215FF0,2,0,3,45,34,4,1,2,8
1CB9C429B3E0,2,6,3,110,78,4,1,3,11
1CB9C426D920,4,7,2,98,24,7,2,3,9
EC8CA20D1BF0,3,1,3,83,41,5,1,1,10
EC8CA215E9D0,2,6,2,103,58,6,1,2,11
EC8CA20DA090,0,4,1,182,99,8,2,3,8
184B0D1FA170,1,0,2,27,39,0,1,4,5
8CFE74212880,1,1,3,72,71,4,1,3,10
EC8CA21000B0,2,1,1,54,57,2,3,3,6
EC8CA22EAB10,0,4,3,138,124,3,1,3,8
3420E3177EB0,0,2,2,55,128,0,1,4,5
EC8CA20D1F50,3,10,3,124,99,4,2,2,11
0CF4D52D38D0,3,3,3,67,65,5,1,2,12
EC8CA2100D50,2,1,1,54,56,2,3,3,6
1CB9C4301740,0,2,3,96,76,4,1,4,9
EC8CA215F700,4,3,2,93,59,2,2,3,8
0CF4D52C3730,1,6,2,130,78,9,2,3,9
EC8CA20D8B40,1,7,3,126,121,3,1,3,9
EC8CA20FF040,0,3,1,124,102,8,2,3,9
0CF4D52D08B0,3,0,2,105,48,5,1,1,10
EC58EA13F4D0,1,1,3,26,58,0,1,4,5
184B0D1FAF80,0,0,3,29,83,0,1,5,5
EC8CA2100490,3,3,3,61,56,5,2,3,12
EC8CA212FF00,0,2,3,55,115,0,1,5,5
EC8CA20D8C90,1,2,0,49,23,2,2,3,7
EC8CA20F09B0,1,4,4,100,86,3,1,4,9
EC8CA213C6D0,1,4,4,100,86,3,1,4,9
EC8CA213A560,0,2,1,26,42,1,3,3,7
EC8CA22ED110,2,4,3,93,45,4,1,3,11
EC8CA20D19E0,2,1,1,75,48,4,3,3,5
F03E90193EF0,0,2,2,121,109,3,1,3,8
3420E31780B0,0,3,2,64,131,0,1,4,6
1CB9C426A830,2,2,3,74,38,4,1,3,11
EC8CA213C810,3,3,3,65,64,5,1,2,12
EC8CA20D0B80,0,4,1,181,115,8,2,3,9
441E98142A60,1,1,3,26,58,0,1,4,5
3420E3178460,0,2,2,54,129,0,1,4,5
EC8CA21011F0,1,2,0,41,45,1,2,3,7
1CB9C426CA30,0,2,1,84,48,5,2,3,8
EC8CA20D9940,1,6,1,130,67,1,3,0,6
0CF4D52BA8A0,1,6,2,126,64,1,3,0,6
0CF4D52BD6D0,2,1,1,83,44,4,2,3,8
EC8CA215E890,2,1,1,83,43,4,2,3,8
EC8CA21015C0,2,1,1,83,44,4,2,3,8
0CF4D52BCE90,2,1,1,83,43,4,2,3,8
EC8CA20F4570,1,2,1,147,93,7,3,3,7
EC8CA22EA8D0,2,1,3,48,88,0,2,4,6
3420E31792B0,0,3,2,54,130,0,1,4,6
F03E90192B20,0,2,3,81,80,4,1,3,10
EC8CA21006D0,0,4,1,182,99,8,2,3,8
1CB9C424B5B0,2,1,3,48,88,0,2,4,6
0CF4D52D2AF0,1,7,3,69,67,5,1,2,13
1CB9C424B180,2,3,2,131,111,4,2,3,8
1CB9C426D390,2,3,2,131,111,4,2,3,8
184B0D1FA860,2,0,2,41,40,0,1,4,7
1CB9C43018E0,2,2,1,95,75,6,3,3,6
1CB9C43018B0,2,2,1,95,75,6,3,3,6
F03E901901A0,0,2,3,81,77,4,1,3,10
F03E90190090,0,3,1,201,115,8,2,3,8
